timestamp,sous_profil,cp
2024-01-08 10:30:00+00:00,ENT2-NORD_HH,0.0
2024-01-08 16:00:00+00:00,ENT2-NORD_HH,0.0
2024-01-08 19:00:00+00:00,ENT2-NORD_HH,0.0
2024-01-09 07:30:00+00:00,ENT2-NORD_HH,0.0
2024-01-09 09:30:00+00:00,ENT2-NORD_HH,0.0
2024-01-09 15:30:00+00:00,ENT2-NORD_HH,0.0
2024-01-09 16:30:00+00:00,ENT2-NORD_HH,0.0
2024-01-09 17:30:00+00:00,ENT2-NORD_HH,0.0
2024-01-09 22:00:00+00:00,ENT2-NORD_HH,0.0
2024-01-10 03:00:00+00:00,ENT2-NORD_HH,2.130237496
2024-01-10 12:30:00+00:00,ENT2-NORD_HH,0.0
2024-01-10 15:30:00+00:00,ENT2-NORD_HH,0.0
2024-01-10 20:30:00+00:00,ENT2-NORD_HH,0.0
2024-01-10 22:00:00+00:00,ENT2-NORD_HH,0.0
2024-01-11 01:00:00+00:00,ENT2-NORD_HH,2.182807424
2024-01-11 06:00:00+00:00,ENT2-NORD_HH,0.0
2024-01-11 07:30:00+00:00,ENT2-NORD_HH,0.0
2024-01-11 08:00:00+00:00,ENT2-NORD_HH,0.0
2024-01-11 14:00:00+00:00,ENT2-NORD_HH,0.0
2024-01-11 16:00:00+00:00,ENT2-NORD_HH,0.0
2024-01-11 20:00:00+00:00,ENT2-NORD_HH,0.0
2024-01-12 04:30:00+00:00,ENT2-NORD_HH,2.50889744
2024-01-12 07:00:00+00:00,ENT2-NORD_HH,0.0
2024-01-12 10:00:00+00:00,ENT2-NORD_HH,0.0
2024-01-12 11:00:00+00:00,ENT2-NORD_HH,0.0
2024-01-12 13:30:00+00:00,ENT2-NORD_HH,0.0
2024-01-12 14:30:00+00:00,ENT2-NORD_HH,0.0
2024-01-12 15:00:00+00:00,ENT2-NORD_HH,0.0
2024-01-12 19:00:00+00:00,ENT2-NORD_HH,0.0
2024-01-12 20:00:00+00:00,ENT2-NORD_HH,0.0
2024-01-12 21:30:00+00:00,ENT2-NORD_HH,0.0
2024-01-13 07:00:00+00:00,ENT2-NORD_HH,2.632770624
2024-01-13 10:00:00+00:00,ENT2-NORD_HH,2.844081507
2024-01-13 19:30:00+00:00,ENT2-NORD_HH,2.304866662
2024-01-14 02:00:00+00:00,ENT2-NORD_HH,2.200624544
2024-01-14 05:30:00+00:00,ENT2-NORD_HH,2.312593857
2024-01-14 17:00:00+00:00,ENT2-NORD_HH,2.31088536
2024-01-15 00:00:00+00:00,ENT2-NORD_HH,2.083705374
2024-01-15 04:30:00+00:00,ENT2-NORD_HH,2.239487445
2024-01-15 06:00:00+00:00,ENT2-NORD_HH,0.0
2024-01-15 11:00:00+00:00,ENT2-NORD_HH,0.0
2024-01-15 13:00:00+00:00,ENT2-NORD_HH,0.0
2024-01-15 18:00:00+00:00,ENT2-NORD_HH,0.0
2024-01-16 06:00:00+00:00,ENT2-NORD_HH,0.0
2024-01-16 07:30:00+00:00,ENT2-NORD_HH,0.0
2024-01-16 08:30:00+00:00,ENT2-NORD_HH,0.0
2024-01-16 11:00:00+00:00,ENT2-NORD_HH,0.0
2024-01-16 12:00:00+00:00,ENT2-NORD_HH,0.0
2024-01-16 13:30:00+00:00,ENT2-NORD_HH,0.0
2024-01-16 15:30:00+00:00,ENT2-NORD_HH,0.0
2024-01-16 19:00:00+00:00,ENT2-NORD_HH,0.0
2024-01-17 00:30:00+00:00,ENT2-NORD_HH,2.05794855
2024-01-17 03:00:00+00:00,ENT2-NORD_HH,2.081405838
2024-01-17 13:30:00+00:00,ENT2-NORD_HH,2.774775595
2024-01-17 20:30:00+00:00,ENT2-NORD_HH,2.081289507
2024-01-18 09:00:00+00:00,ENT2-NORD_HH,3.216282804
2024-01-18 13:00:00+00:00,ENT2-NORD_HH,2.776084962
2024-01-18 14:30:00+00:00,ENT2-NORD_HH,2.929617294
2024-01-18 19:00:00+00:00,ENT2-NORD_HH,2.437966912
2024-01-18 20:30:00+00:00,ENT2-NORD_HH,2.17410891
2024-01-18 21:00:00+00:00,ENT2-NORD_HH,2.169408019
2024-01-18 21:30:00+00:00,ENT2-NORD_HH,2.143910769
2024-01-18 22:30:00+00:00,ENT2-NORD_HH,2.06538156
2024-01-19 02:30:00+00:00,ENT2-NORD_HH,2.01793203
2024-01-19 09:00:00+00:00,ENT2-NORD_HH,0.0
2024-01-19 13:00:00+00:00,ENT2-NORD_HH,0.0
2024-01-19 15:00:00+00:00,ENT2-NORD_HH,0.0
2024-01-19 17:00:00+00:00,ENT2-NORD_HH,0.0
2024-01-20 06:30:00+00:00,ENT2-NORD_HH,2.46196022
2024-01-20 09:00:00+00:00,ENT2-NORD_HH,2.827119
2024-01-20 11:00:00+00:00,ENT2-NORD_HH,2.568622112
2024-01-20 18:30:00+00:00,ENT2-NORD_HH,2.36531088
2024-01-20 21:30:00+00:00,ENT2-NORD_HH,2.060053229
2024-01-21 00:00:00+00:00,ENT2-NORD_HH,2.147302029
2024-01-21 07:00:00+00:00,ENT2-NORD_HH,2.407225748
2024-01-21 11:30:00+00:00,ENT2-NORD_HH,2.279552112
2024-01-21 12:30:00+00:00,ENT2-NORD_HH,2.167842729
2024-01-21 18:00:00+00:00,ENT2-NORD_HH,2.11619351
2024-01-22 02:00:00+00:00,ENT2-NORD_HH,2.042648466
2024-01-22 05:00:00+00:00,ENT2-NORD_HH,2.306558492
2024-01-22 13:00:00+00:00,ENT2-NORD_HH,2.34683514
2024-01-23 02:30:00+00:00,ENT2-NORD_HH,1.82641205
2024-01-23 06:30:00+00:00,ENT2-NORD_HH,2.618190024
2024-01-23 11:30:00+00:00,ENT2-NORD_HH,2.49074865
2024-01-23 20:00:00+00:00,ENT2-NORD_HH,2.00889104
2024-01-23 21:00:00+00:00,ENT2-NORD_HH,1.951467924
2024-01-24 01:30:00+00:00,ENT2-NORD_HH,1.815440418
2024-01-24 08:30:00+00:00,ENT2-NORD_HH,2.7983844
2024-01-24 14:00:00+00:00,ENT2-NORD_HH,2.64802752
2024-01-24 16:00:00+00:00,ENT2-NORD_HH,2.610144978
2024-01-24 18:00:00+00:00,ENT2-NORD_HH,2.427863544
2024-01-24 20:00:00+00:00,ENT2-NORD_HH,1.940485758
2024-01-25 01:00:00+00:00,ENT2-NORD_HH,1.749164
2024-01-25 02:30:00+00:00,ENT2-NORD_HH,1.709716752
2024-01-25 04:00:00+00:00,ENT2-NORD_HH,1.849814392
2024-01-25 06:00:00+00:00,ENT2-NORD_HH,2.18491182
2024-01-25 07:30:00+00:00,ENT2-NORD_HH,2.7694589
2024-01-25 08:00:00+00:00,ENT2-NORD_HH,2.865491864
2024-01-25 14:30:00+00:00,ENT2-NORD_HH,2.57698776
2024-01-25 15:30:00+00:00,ENT2-NORD_HH,2.60172888
2024-01-25 22:00:00+00:00,ENT2-NORD_HH,1.766249452
2024-01-26 03:00:00+00:00,ENT2-NORD_HH,1.706403056
2024-01-26 15:00:00+00:00,ENT2-NORD_HH,2.47473457
2024-01-26 23:30:00+00:00,ENT2-NORD_HH,1.805815616
2024-01-27 03:00:00+00:00,ENT2-NORD_HH,1.78633374
2024-01-27 03:30:00+00:00,ENT2-NORD_HH,1.800741128
2024-01-27 04:30:00+00:00,ENT2-NORD_HH,1.94159088
2024-01-27 06:30:00+00:00,ENT2-NORD_HH,2.234502816
2024-01-27 17:30:00+00:00,ENT2-NORD_HH,2.33882216
2024-01-27 19:30:00+00:00,ENT2-NORD_HH,1.96509002
2024-01-28 00:30:00+00:00,ENT2-NORD_HH,1.862501462
2024-01-28 04:30:00+00:00,ENT2-NORD_HH,1.960154586
2024-01-28 06:30:00+00:00,ENT2-NORD_HH,2.106378924
2024-01-28 14:00:00+00:00,ENT2-NORD_HH,1.980868308
2024-01-28 20:30:00+00:00,ENT2-NORD_HH,1.841205568
2024-01-28 23:00:00+00:00,ENT2-NORD_HH,1.803229844
2024-01-28 23:30:00+00:00,ENT2-NORD_HH,1.79632273
2024-01-29 04:00:00+00:00,ENT2-NORD_HH,1.90225686
2024-01-29 08:30:00+00:00,ENT2-NORD_HH,2.953699778
2024-01-29 10:00:00+00:00,ENT2-NORD_HH,2.7731054
2024-01-29 12:30:00+00:00,ENT2-NORD_HH,2.056660368
2024-01-29 15:00:00+00:00,ENT2-NORD_HH,2.54045792
2024-01-29 18:00:00+00:00,ENT2-NORD_HH,2.423784
2024-01-29 19:00:00+00:00,ENT2-NORD_HH,2.13357259
2024-01-30 09:00:00+00:00,ENT2-NORD_HH,2.86153408
2024-01-30 10:00:00+00:00,ENT2-NORD_HH,2.80525455
2024-01-30 14:00:00+00:00,ENT2-NORD_HH,2.60033463
2024-01-30 14:30:00+00:00,ENT2-NORD_HH,2.580245376
2024-01-31 06:00:00+00:00,ENT2-NORD_HH,2.287233248
2024-01-31 07:00:00+00:00,ENT2-NORD_HH,2.634244158
2024-01-31 11:30:00+00:00,ENT2-NORD_HH,2.352448702
2024-01-31 18:00:00+00:00,ENT2-NORD_HH,2.47683924
2024-01-31 23:30:00+00:00,ENT2-NORD_HH,1.854585744
2024-02-01 01:00:00+00:00,ENT2-NORD_HH,1.87968368
2024-02-01 10:00:00+00:00,ENT2-NORD_HH,2.847657272
2024-02-01 10:30:00+00:00,ENT2-NORD_HH,2.82577904
2024-02-02 11:00:00+00:00,ENT2-NORD_HH,2.6980416
2024-02-02 11:30:00+00:00,ENT2-NORD_HH,2.618226064
2024-02-02 12:00:00+00:00,ENT2-NORD_HH,2.608762654
2024-02-02 21:30:00+00:00,ENT2-NORD_HH,1.906058856
2024-02-02 22:00:00+00:00,ENT2-NORD_HH,1.862698984
2024-02-03 01:30:00+00:00,ENT2-NORD_HH,1.800148768
2024-02-03 18:00:00+00:00,ENT2-NORD_HH,2.235533566
2024-02-03 19:00:00+00:00,ENT2-NORD_HH,1.996236176
2024-02-03 19:30:00+00:00,ENT2-NORD_HH,1.920449848
2024-02-03 20:30:00+00:00,ENT2-NORD_HH,1.817283256
2024-02-04 01:00:00+00:00,ENT2-NORD_HH,1.831767696
2024-02-04 15:00:00+00:00,ENT2-NORD_HH,1.921786198
2024-02-04 18:00:00+00:00,ENT2-NORD_HH,1.97121855
2024-02-04 19:30:00+00:00,ENT2-NORD_HH,1.902775102
2024-02-05 02:30:00+00:00,ENT2-NORD_HH,1.762898634
2024-02-05 20:30:00+00:00,ENT2-NORD_HH,1.99839926
2024-02-05 21:30:00+00:00,ENT2-NORD_HH,1.966591484
2024-02-05 23:30:00+00:00,ENT2-NORD_HH,1.884652344
2024-02-06 00:00:00+00:00,ENT2-NORD_HH,1.674491232
2024-02-06 02:30:00+00:00,ENT2-NORD_HH,1.745300232
2024-02-06 08:00:00+00:00,ENT2-NORD_HH,2.874448692
2024-02-06 08:30:00+00:00,ENT2-NORD_HH,2.87552325
2024-02-06 14:30:00+00:00,ENT2-NORD_HH,2.637951168
2024-02-06 15:30:00+00:00,ENT2-NORD_HH,2.64439505
2024-02-06 17:00:00+00:00,ENT2-NORD_HH,2.569135786
2024-02-07 02:00:00+00:00,ENT2-NORD_HH,1.763385792
2024-02-07 05:00:00+00:00,ENT2-NORD_HH,2.03300666
2024-02-07 09:00:00+00:00,ENT2-NORD_HH,2.61752626
2024-02-07 18:30:00+00:00,ENT2-NORD_HH,2.14819158
2024-02-07 21:00:00+00:00,ENT2-NORD_HH,1.797222536
2024-02-07 22:00:00+00:00,ENT2-NORD_HH,1.728504956
2024-02-08 13:30:00+00:00,ENT2-NORD_HH,2.35794064
2024-02-08 16:00:00+00:00,ENT2-NORD_HH,2.386319778
2024-02-08 17:30:00+00:00,ENT2-NORD_HH,2.295207076
2024-02-08 18:30:00+00:00,ENT2-NORD_HH,2.049524976
2024-02-08 20:30:00+00:00,ENT2-NORD_HH,1.75463535
2024-02-09 06:00:00+00:00,ENT2-NORD_HH,2.066691104
2024-02-09 07:00:00+00:00,ENT2-NORD_HH,2.422972264
2024-02-09 10:30:00+00:00,ENT2-NORD_HH,2.505980334
2024-02-09 14:30:00+00:00,ENT2-NORD_HH,2.31878142
2024-02-09 17:30:00+00:00,ENT2-NORD_HH,2.31634472
2024-02-09 19:00:00+00:00,ENT2-NORD_HH,1.95457212
2024-02-09 23:30:00+00:00,ENT2-NORD_HH,1.6547715
2024-02-10 01:30:00+00:00,ENT2-NORD_HH,1.61011806
2024-02-10 04:00:00+00:00,ENT2-NORD_HH,1.733656754
2024-02-10 08:00:00+00:00,ENT2-NORD_HH,2.30574281
2024-02-10 14:00:00+00:00,ENT2-NORD_HH,2.2163209
2024-02-10 17:30:00+00:00,ENT2-NORD_HH,2.188091864
2024-02-10 18:30:00+00:00,ENT2-NORD_HH,1.9857081
2024-02-10 22:00:00+00:00,ENT2-NORD_HH,1.65903056
2024-02-11 00:30:00+00:00,ENT2-NORD_HH,1.689739888
2024-02-11 02:30:00+00:00,ENT2-NORD_HH,1.676838336
2024-02-11 03:00:00+00:00,ENT2-NORD_HH,1.678746312
2024-02-11 10:00:00+00:00,ENT2-NORD_HH,2.073231888
2024-02-11 12:00:00+00:00,ENT2-NORD_HH,2.016041152
2024-02-11 15:30:00+00:00,ENT2-NORD_HH,1.908360468
2024-02-11 19:30:00+00:00,ENT2-NORD_HH,1.827390918
2024-02-12 01:00:00+00:00,ENT2-NORD_HH,1.785449952
2024-02-12 01:30:00+00:00,ENT2-NORD_HH,1.775072452
2024-02-12 04:30:00+00:00,ENT2-NORD_HH,1.88779169
2024-02-12 09:00:00+00:00,ENT2-NORD_HH,2.79649125
2024-02-12 11:00:00+00:00,ENT2-NORD_HH,2.604301462
2024-02-12 13:00:00+00:00,ENT2-NORD_HH,2.241685968
2024-02-12 18:30:00+00:00,ENT2-NORD_HH,2.30371036
2024-02-12 23:30:00+00:00,ENT2-NORD_HH,1.891577968
2024-02-13 02:30:00+00:00,ENT2-NORD_HH,1.776009048
2024-02-13 20:30:00+00:00,ENT2-NORD_HH,1.9468668
2024-02-14 01:30:00+00:00,ENT2-NORD_HH,1.708353346
2024-02-14 05:30:00+00:00,ENT2-NORD_HH,1.885100052
2024-02-14 07:00:00+00:00,ENT2-NORD_HH,2.392102976
2024-02-14 13:30:00+00:00,ENT2-NORD_HH,2.166148448
2024-02-14 17:30:00+00:00,ENT2-NORD_HH,2.15188295
2024-02-14 21:30:00+00:00,ENT2-NORD_HH,1.68127512
2024-02-15 03:00:00+00:00,ENT2-NORD_HH,1.6480632
2024-02-15 05:00:00+00:00,ENT2-NORD_HH,1.856812544
2024-02-15 06:00:00+00:00,ENT2-NORD_HH,1.962872678
2024-02-15 06:30:00+00:00,ENT2-NORD_HH,2.142370516
2024-02-15 07:00:00+00:00,ENT2-NORD_HH,2.308033364
2024-02-15 08:00:00+00:00,ENT2-NORD_HH,2.508243978
2024-02-15 10:00:00+00:00,ENT2-NORD_HH,2.408280084
2024-02-15 14:00:00+00:00,ENT2-NORD_HH,2.181095392
2024-02-15 19:30:00+00:00,ENT2-NORD_HH,1.700127156
2024-02-15 22:30:00+00:00,ENT2-NORD_HH,1.51143381
2024-02-16 03:00:00+00:00,ENT2-NORD_HH,1.477283664
2024-02-16 04:00:00+00:00,ENT2-NORD_HH,1.50945232
2024-02-16 07:00:00+00:00,ENT2-NORD_HH,2.25401265
2024-02-16 09:00:00+00:00,ENT2-NORD_HH,2.418355248
2024-02-16 10:30:00+00:00,ENT2-NORD_HH,2.318943956
2024-02-16 15:30:00+00:00,ENT2-NORD_HH,2.243626348
2024-02-16 16:00:00+00:00,ENT2-NORD_HH,2.193284478
2024-02-16 16:30:00+00:00,ENT2-NORD_HH,2.15913288
2024-02-16 19:00:00+00:00,ENT2-NORD_HH,1.82638805
2024-02-16 19:30:00+00:00,ENT2-NORD_HH,1.74884598
2024-02-16 20:00:00+00:00,ENT2-NORD_HH,1.65913902
2024-02-17 05:30:00+00:00,ENT2-NORD_HH,1.738184604
2024-02-17 11:00:00+00:00,ENT2-NORD_HH,2.1517995
2024-02-17 12:30:00+00:00,ENT2-NORD_HH,2.089003108
2024-02-17 22:30:00+00:00,ENT2-NORD_HH,1.558878912
2024-02-18 03:30:00+00:00,ENT2-NORD_HH,1.62551194
2024-02-18 04:30:00+00:00,ENT2-NORD_HH,1.6932708
2024-02-18 06:30:00+00:00,ENT2-NORD_HH,1.8042756
2024-02-18 07:30:00+00:00,ENT2-NORD_HH,1.926183028
2024-02-18 10:00:00+00:00,ENT2-NORD_HH,1.99294884
2024-02-18 10:30:00+00:00,ENT2-NORD_HH,1.957265048
2024-02-18 11:00:00+00:00,ENT2-NORD_HH,1.96120136
2024-02-18 16:30:00+00:00,ENT2-NORD_HH,1.816431808
2024-02-18 18:00:00+00:00,ENT2-NORD_HH,1.768884964
2024-02-18 18:30:00+00:00,ENT2-NORD_HH,1.76023176
2024-02-18 23:30:00+00:00,ENT2-NORD_HH,1.59246951
2024-02-19 03:30:00+00:00,ENT2-NORD_HH,1.63595432
2024-02-19 05:00:00+00:00,ENT2-NORD_HH,1.80494028
2024-02-19 15:30:00+00:00,ENT2-NORD_HH,2.37417232
2024-02-20 00:00:00+00:00,ENT2-NORD_HH,1.55941198
2024-02-20 09:30:00+00:00,ENT2-NORD_HH,2.68278268
2024-02-20 10:30:00+00:00,ENT2-NORD_HH,2.67907794
2024-02-20 13:30:00+00:00,ENT2-NORD_HH,2.47582055
2024-02-20 16:30:00+00:00,ENT2-NORD_HH,2.52189742
2024-02-20 20:30:00+00:00,ENT2-NORD_HH,1.88429696
2024-02-21 01:30:00+00:00,ENT2-NORD_HH,1.62426324
2024-02-21 08:00:00+00:00,ENT2-NORD_HH,2.49891304
2024-02-21 12:00:00+00:00,ENT2-NORD_HH,2.00559744
2024-02-21 19:00:00+00:00,ENT2-NORD_HH,1.84083058
2024-02-21 22:00:00+00:00,ENT2-NORD_HH,1.6241347
2024-02-22 05:00:00+00:00,ENT2-NORD_HH,1.78456964
2024-02-22 10:30:00+00:00,ENT2-NORD_HH,2.30972812
2024-02-22 11:00:00+00:00,ENT2-NORD_HH,2.19588396
2024-02-22 14:30:00+00:00,ENT2-NORD_HH,2.17899097
2024-02-22 16:00:00+00:00,ENT2-NORD_HH,2.12556217
2024-02-22 19:00:00+00:00,ENT2-NORD_HH,1.817759
2024-02-22 20:00:00+00:00,ENT2-NORD_HH,1.69883758
2024-02-22 21:00:00+00:00,ENT2-NORD_HH,1.63564882
2024-02-23 04:30:00+00:00,ENT2-NORD_HH,1.67573325
2024-02-23 12:00:00+00:00,ENT2-NORD_HH,2.45017057
2024-02-23 12:30:00+00:00,ENT2-NORD_HH,2.542369
2024-02-23 14:00:00+00:00,ENT2-NORD_HH,2.41954086
2024-02-23 17:00:00+00:00,ENT2-NORD_HH,2.39624166
2024-02-23 18:00:00+00:00,ENT2-NORD_HH,2.30061665
2024-02-23 19:30:00+00:00,ENT2-NORD_HH,1.93889528
2024-02-24 00:00:00+00:00,ENT2-NORD_HH,1.6991499
2024-02-24 01:00:00+00:00,ENT2-NORD_HH,1.77548129
2024-02-24 03:00:00+00:00,ENT2-NORD_HH,1.78675408
2024-02-24 04:30:00+00:00,ENT2-NORD_HH,1.9631811
2024-02-24 06:30:00+00:00,ENT2-NORD_HH,2.20462981
2024-02-24 09:00:00+00:00,ENT2-NORD_HH,2.4499136
2024-02-24 15:00:00+00:00,ENT2-NORD_HH,2.32744945
2024-02-24 23:00:00+00:00,ENT2-NORD_HH,1.77738806
2024-02-25 03:00:00+00:00,ENT2-NORD_HH,1.7921
2024-02-25 10:30:00+00:00,ENT2-NORD_HH,2.120682
2024-02-25 15:00:00+00:00,ENT2-NORD_HH,1.97206912
2024-02-25 15:30:00+00:00,ENT2-NORD_HH,1.99401245
2024-02-25 18:00:00+00:00,ENT2-NORD_HH,1.94476568
2024-02-26 07:30:00+00:00,ENT2-NORD_HH,0.0
2024-02-26 09:00:00+00:00,ENT2-NORD_HH,0.0
2024-02-26 09:30:00+00:00,ENT2-NORD_HH,0.0
2024-02-26 14:30:00+00:00,ENT2-NORD_HH,0.0
2024-02-26 21:00:00+00:00,ENT2-NORD_HH,0.0
2024-02-27 02:30:00+00:00,ENT2-NORD_HH,1.76422356
2024-02-27 04:30:00+00:00,ENT2-NORD_HH,1.957901968
2024-02-27 08:00:00+00:00,ENT2-NORD_HH,0.0
2024-02-27 10:30:00+00:00,ENT2-NORD_HH,0.0
2024-02-27 12:00:00+00:00,ENT2-NORD_HH,0.0
2024-02-27 14:30:00+00:00,ENT2-NORD_HH,0.0
2024-02-27 19:30:00+00:00,ENT2-NORD_HH,0.0
2024-02-27 22:00:00+00:00,ENT2-NORD_HH,0.0
2024-02-28 02:30:00+00:00,ENT2-NORD_HH,1.728600286
2024-02-28 03:00:00+00:00,ENT2-NORD_HH,1.721668006
2024-02-28 09:30:00+00:00,ENT2-NORD_HH,0.0
2024-02-28 19:00:00+00:00,ENT2-NORD_HH,0.0
2024-02-28 19:30:00+00:00,ENT2-NORD_HH,0.0
2024-02-28 22:00:00+00:00,ENT2-NORD_HH,0.0
2024-02-29 11:00:00+00:00,ENT2-NORD_HH,2.404605108
2024-02-29 13:00:00+00:00,ENT2-NORD_HH,2.183465332
2024-02-29 22:00:00+00:00,ENT2-NORD_HH,1.655678411
2024-03-01 01:00:00+00:00,ENT2-NORD_HH,1.649959482
2024-03-01 01:30:00+00:00,ENT2-NORD_HH,1.654224446
2024-03-01 06:30:00+00:00,ENT2-NORD_HH,2.335358583
2024-03-01 11:00:00+00:00,ENT2-NORD_HH,2.48499461
2024-03-01 14:30:00+00:00,ENT2-NORD_HH,2.372933494
2024-03-01 17:30:00+00:00,ENT2-NORD_HH,2.314778816
2024-03-01 19:00:00+00:00,ENT2-NORD_HH,2.01206544
2024-03-01 21:30:00+00:00,ENT2-NORD_HH,1.805090584
2024-03-02 07:30:00+00:00,ENT2-NORD_HH,2.454971437
2024-03-02 08:30:00+00:00,ENT2-NORD_HH,2.51064267
2024-03-02 12:00:00+00:00,ENT2-NORD_HH,2.434114822
2024-03-02 13:30:00+00:00,ENT2-NORD_HH,2.413215018
2024-03-02 16:00:00+00:00,ENT2-NORD_HH,2.338705484
2024-03-02 19:00:00+00:00,ENT2-NORD_HH,2.04250397
2024-03-03 07:30:00+00:00,ENT2-NORD_HH,2.146751558
2024-03-03 08:00:00+00:00,ENT2-NORD_HH,2.198201265
2024-03-03 11:00:00+00:00,ENT2-NORD_HH,2.221821868
2024-03-03 13:00:00+00:00,ENT2-NORD_HH,2.225939849
2024-03-03 17:00:00+00:00,ENT2-NORD_HH,2.10029603
2024-03-03 20:00:00+00:00,ENT2-NORD_HH,1.94414773
2024-03-04 09:00:00+00:00,ENT2-NORD_HH,0.0
2024-03-04 13:30:00+00:00,ENT2-NORD_HH,0.0
2024-03-04 14:00:00+00:00,ENT2-NORD_HH,0.0
2024-03-04 16:30:00+00:00,ENT2-NORD_HH,0.0
2024-03-04 18:30:00+00:00,ENT2-NORD_HH,0.0
2024-03-04 22:00:00+00:00,ENT2-NORD_HH,0.0
2024-03-05 00:30:00+00:00,ENT2-NORD_HH,1.827530154
2024-03-05 13:00:00+00:00,ENT2-NORD_HH,0.0
2024-03-05 13:30:00+00:00,ENT2-NORD_HH,0.0
2024-03-05 17:30:00+00:00,ENT2-NORD_HH,0.0
2024-03-05 21:30:00+00:00,ENT2-NORD_HH,0.0
2024-03-05 23:00:00+00:00,ENT2-NORD_HH,0.0
2024-03-06 00:00:00+00:00,ENT2-NORD_HH,1.694229
2024-03-06 05:00:00+00:00,ENT2-NORD_HH,2.037525312
2024-03-06 07:30:00+00:00,ENT2-NORD_HH,0.0
2024-03-06 08:30:00+00:00,ENT2-NORD_HH,0.0
2024-03-06 20:30:00+00:00,ENT2-NORD_HH,0.0
2024-03-06 23:00:00+00:00,ENT2-NORD_HH,0.0
2024-03-07 02:00:00+00:00,ENT2-NORD_HH,1.808922326
2024-03-07 03:00:00+00:00,ENT2-NORD_HH,1.813296372
2024-03-07 20:00:00+00:00,ENT2-NORD_HH,0.0
2024-03-07 22:30:00+00:00,ENT2-NORD_HH,0.0
2024-03-07 23:00:00+00:00,ENT2-NORD_HH,0.0
2024-03-08 00:00:00+00:00,ENT2-NORD_HH,1.59678156
2024-03-08 04:30:00+00:00,ENT2-NORD_HH,1.815873443
2024-03-08 08:00:00+00:00,ENT2-NORD_HH,2.767820988
2024-03-08 16:00:00+00:00,ENT2-NORD_HH,2.359111644
2024-03-08 21:00:00+00:00,ENT2-NORD_HH,1.797135645
2024-03-09 00:30:00+00:00,ENT2-NORD_HH,1.758695295
2024-03-09 01:00:00+00:00,ENT2-NORD_HH,1.788264795
2024-03-09 05:00:00+00:00,ENT2-NORD_HH,1.97353874
2024-03-09 06:30:00+00:00,ENT2-NORD_HH,2.169126504
2024-03-09 08:30:00+00:00,ENT2-NORD_HH,2.48798495
2024-03-09 10:30:00+00:00,ENT2-NORD_HH,2.44213959
2024-03-09 14:30:00+00:00,ENT2-NORD_HH,2.335120006
2024-03-09 17:00:00+00:00,ENT2-NORD_HH,2.282124978
2024-03-09 17:30:00+00:00,ENT2-NORD_HH,2.310051071
2024-03-09 20:30:00+00:00,ENT2-NORD_HH,1.81576443
2024-03-10 02:30:00+00:00,ENT2-NORD_HH,1.755900729
2024-03-10 13:00:00+00:00,ENT2-NORD_HH,2.14
2024-03-10 16:00:00+00:00,ENT2-NORD_HH,1.9738
2024-03-10 19:00:00+00:00,ENT2-NORD_HH,1.974117974
2024-03-11 05:00:00+00:00,ENT2-NORD_HH,1.949339056
2024-03-11 07:30:00+00:00,ENT2-NORD_HH,0.0
2024-03-11 15:30:00+00:00,ENT2-NORD_HH,0.0
2024-03-11 16:00:00+00:00,ENT2-NORD_HH,0.0
2024-03-11 17:00:00+00:00,ENT2-NORD_HH,0.0
2024-03-11 23:30:00+00:00,ENT2-NORD_HH,0.0
2024-03-12 04:00:00+00:00,ENT2-NORD_HH,1.854662016
2024-03-12 04:30:00+00:00,ENT2-NORD_HH,1.929193696
2024-03-12 06:30:00+00:00,ENT2-NORD_HH,2.452917464
2024-03-12 09:00:00+00:00,ENT2-NORD_HH,2.81874348
2024-03-12 10:00:00+00:00,ENT2-NORD_HH,2.7708538
2024-03-12 11:00:00+00:00,ENT2-NORD_HH,2.696418816
2024-03-12 13:30:00+00:00,ENT2-NORD_HH,2.562156232
2024-03-12 14:00:00+00:00,ENT2-NORD_HH,2.704853376
2024-03-12 14:30:00+00:00,ENT2-NORD_HH,2.682234256
2024-03-13 06:30:00+00:00,ENT2-NORD_HH,2.243515456
2024-03-13 16:00:00+00:00,ENT2-NORD_HH,2.284892528
2024-03-13 18:30:00+00:00,ENT2-NORD_HH,2.004378508
2024-03-13 23:00:00+00:00,ENT2-NORD_HH,1.63242544
2024-03-14 03:30:00+00:00,ENT2-NORD_HH,1.6627006
2024-03-14 04:30:00+00:00,ENT2-NORD_HH,1.8026784
2024-03-14 11:30:00+00:00,ENT2-NORD_HH,1.981262976
2024-03-14 12:30:00+00:00,ENT2-NORD_HH,1.922547584
2024-03-14 18:30:00+00:00,ENT2-NORD_HH,1.820839436
2024-03-14 19:00:00+00:00,ENT2-NORD_HH,1.730856216
2024-03-14 23:30:00+00:00,ENT2-NORD_HH,1.5533963
2024-03-15 01:00:00+00:00,ENT2-NORD_HH,1.58122102
2024-03-15 04:00:00+00:00,ENT2-NORD_HH,1.616108416
2024-03-15 19:00:00+00:00,ENT2-NORD_HH,1.861104592
2024-03-15 22:30:00+00:00,ENT2-NORD_HH,1.61695632
2024-03-16 00:00:00+00:00,ENT2-NORD_HH,1.62761216
2024-03-16 00:30:00+00:00,ENT2-NORD_HH,1.6315264
2024-03-16 01:00:00+00:00,ENT2-NORD_HH,1.6510976
2024-03-16 02:30:00+00:00,ENT2-NORD_HH,1.64326912
2024-03-16 08:00:00+00:00,ENT2-NORD_HH,2.370814832
2024-03-16 12:00:00+00:00,ENT2-NORD_HH,2.293141188
2024-03-16 15:30:00+00:00,ENT2-NORD_HH,2.214590792
2024-03-16 16:00:00+00:00,ENT2-NORD_HH,2.17688248
2024-03-16 18:30:00+00:00,ENT2-NORD_HH,2.005060232
2024-03-16 20:30:00+00:00,ENT2-NORD_HH,1.700728
2024-03-17 17:30:00+00:00,ENT2-NORD_HH,1.866036016
2024-03-17 21:30:00+00:00,ENT2-NORD_HH,1.646245368
2024-03-18 05:00:00+00:00,ENT2-NORD_HH,1.64251616
2024-03-18 06:30:00+00:00,ENT2-NORD_HH,2.05990496
2024-03-18 08:00:00+00:00,ENT2-NORD_HH,2.420703936
2024-03-18 11:00:00+00:00,ENT2-NORD_HH,2.257505568
2024-03-18 14:30:00+00:00,ENT2-NORD_HH,2.234729728
2024-03-18 23:00:00+00:00,ENT2-NORD_HH,1.544411136
2024-03-19 03:30:00+00:00,ENT2-NORD_HH,1.5237432
2024-03-19 06:00:00+00:00,ENT2-NORD_HH,2.000861136
2024-03-19 16:00:00+00:00,ENT2-NORD_HH,2.269977552
2024-03-19 20:00:00+00:00,ENT2-NORD_HH,1.731612432
2024-03-19 20:30:00+00:00,ENT2-NORD_HH,1.692279952
2024-03-20 00:00:00+00:00,ENT2-NORD_HH,1.525742656
2024-03-20 05:00:00+00:00,ENT2-NORD_HH,1.828488816
2024-03-20 07:30:00+00:00,ENT2-NORD_HH,2.431956672
2024-03-20 10:30:00+00:00,ENT2-NORD_HH,2.381881824
2024-03-20 14:30:00+00:00,ENT2-NORD_HH,2.18680368
2024-03-21 06:00:00+00:00,ENT2-NORD_HH,1.926086848
2024-03-21 14:30:00+00:00,ENT2-NORD_HH,2.094369312
2024-03-21 20:00:00+00:00,ENT2-NORD_HH,1.633206816
2024-03-22 05:00:00+00:00,ENT2-NORD_HH,1.731037568
2024-03-22 05:30:00+00:00,ENT2-NORD_HH,1.79241024
2024-03-22 10:30:00+00:00,ENT2-NORD_HH,2.304783872
2024-03-22 11:00:00+00:00,ENT2-NORD_HH,2.264364416
2024-03-22 15:00:00+00:00,ENT2-NORD_HH,2.142387712
2024-03-22 23:00:00+00:00,ENT2-NORD_HH,1.628678976
2024-03-23 02:30:00+00:00,ENT2-NORD_HH,1.614563328
2024-03-23 04:30:00+00:00,ENT2-NORD_HH,1.759812336
2024-03-23 08:00:00+00:00,ENT2-NORD_HH,2.364931584
2024-03-23 15:00:00+00:00,ENT2-NORD_HH,2.267395104
2024-03-23 15:30:00+00:00,ENT2-NORD_HH,2.292546464
2024-03-23 19:30:00+00:00,ENT2-NORD_HH,1.890291424
2024-03-23 20:30:00+00:00,ENT2-NORD_HH,1.78189328
2024-03-23 21:00:00+00:00,ENT2-NORD_HH,1.766461696
2024-03-24 05:00:00+00:00,ENT2-NORD_HH,1.80554944
2024-03-24 09:00:00+00:00,ENT2-NORD_HH,2.11004816
2024-03-24 16:30:00+00:00,ENT2-NORD_HH,1.95006448
2024-03-24 17:00:00+00:00,ENT2-NORD_HH,1.97689128
2024-03-24 18:30:00+00:00,ENT2-NORD_HH,1.928895696
2024-03-24 19:00:00+00:00,ENT2-NORD_HH,1.934273952
2024-03-25 00:00:00+00:00,ENT2-NORD_HH,1.75547736
2024-03-25 03:30:00+00:00,ENT2-NORD_HH,1.767550236
2024-03-25 05:30:00+00:00,ENT2-NORD_HH,2.0277
2024-03-25 07:00:00+00:00,ENT2-NORD_HH,2.573384796
2024-03-25 08:00:00+00:00,ENT2-NORD_HH,2.78136072
2024-03-25 10:00:00+00:00,ENT2-NORD_HH,2.661515376
2024-03-25 16:30:00+00:00,ENT2-NORD_HH,2.42336532
2024-03-25 23:30:00+00:00,ENT2-NORD_HH,1.74075704
2024-03-26 00:30:00+00:00,ENT2-NORD_HH,1.74075704
2024-03-26 05:00:00+00:00,ENT2-NORD_HH,2.006832048
2024-03-26 08:00:00+00:00,ENT2-NORD_HH,2.805922944
2024-03-26 10:30:00+00:00,ENT2-NORD_HH,2.754474528
2024-03-26 11:30:00+00:00,ENT2-NORD_HH,2.4167
2024-03-26 15:30:00+00:00,ENT2-NORD_HH,2.685179824
2024-03-27 00:00:00+00:00,ENT2-NORD_HH,1.79155152
2024-03-27 03:00:00+00:00,ENT2-NORD_HH,1.867696512
2024-03-27 05:00:00+00:00,ENT2-NORD_HH,2.101604544
2024-03-27 06:30:00+00:00,ENT2-NORD_HH,2.528567536
2024-03-27 10:30:00+00:00,ENT2-NORD_HH,2.86153758
2024-03-27 12:00:00+00:00,ENT2-NORD_HH,2.40252116
2024-03-27 12:30:00+00:00,ENT2-NORD_HH,2.448956016
2024-03-27 13:00:00+00:00,ENT2-NORD_HH,2.46755028
2024-03-27 14:00:00+00:00,ENT2-NORD_HH,2.581479952
2024-03-27 18:00:00+00:00,ENT2-NORD_HH,2.3961843
2024-03-27 19:30:00+00:00,ENT2-NORD_HH,2.12996412
2024-03-28 04:30:00+00:00,ENT2-NORD_HH,2.104723328
2024-03-28 09:00:00+00:00,ENT2-NORD_HH,2.810182272
2024-03-28 09:30:00+00:00,ENT2-NORD_HH,2.774190384
2024-03-28 10:30:00+00:00,ENT2-NORD_HH,2.740510824
2024-03-28 11:30:00+00:00,ENT2-NORD_HH,2.316491604
2024-03-29 00:00:00+00:00,ENT2-NORD_HH,1.71489174
2024-03-29 11:00:00+00:00,ENT2-NORD_HH,2.469168828
2024-03-29 14:00:00+00:00,ENT2-NORD_HH,2.412765712
2024-03-29 19:30:00+00:00,ENT2-NORD_HH,1.929215964
2024-03-30 01:30:00+00:00,ENT2-NORD_HH,1.75876704
2024-03-30 04:30:00+00:00,ENT2-NORD_HH,1.90426044
2024-03-30 16:00:00+00:00,ENT2-NORD_HH,2.279814344
2024-03-30 18:30:00+00:00,ENT2-NORD_HH,2.114759524
2024-03-30 19:00:00+00:00,ENT2-NORD_HH,1.996121108
2024-03-31 00:30:00+00:00,ENT2-NORD_HH,1.75039368
2024-03-31 04:00:00+00:00,ENT2-NORD_HH,1.84018208
2024-03-31 07:30:00+00:00,ENT2-NORD_HH,2.16799764
2024-03-31 08:30:00+00:00,ENT2-NORD_HH,2.080600776
2024-03-31 19:00:00+00:00,ENT2-NORD_HH,1.902781152
2024-03-31 23:00:00+00:00,ENT2-NORD_HH,0.0
2024-04-01 01:00:00+00:00,ENT2-NORD_HH,0.0
2024-04-01 03:00:00+00:00,ENT2-NORD_HH,0.0
2024-04-01 07:00:00+00:00,ENT2-NORD_HH,0.0
2024-04-01 14:30:00+00:00,ENT2-NORD_HH,0.0
2024-04-01 15:30:00+00:00,ENT2-NORD_HH,0.0
2024-04-01 18:30:00+00:00,ENT2-NORD_HH,0.0
2024-04-01 19:00:00+00:00,ENT2-NORD_HH,0.0
2024-04-01 23:00:00+00:00,ENT2-NORD_HH,0.0
2024-04-01 23:30:00+00:00,ENT2-NORD_HH,0.0
2024-04-02 13:30:00+00:00,ENT2-NORD_HH,0.0
2024-04-02 23:30:00+00:00,ENT2-NORD_HH,0.0
2024-04-03 00:30:00+00:00,ENT2-NORD_HH,0.0
2024-04-03 01:30:00+00:00,ENT2-NORD_HH,0.0
2024-04-03 07:30:00+00:00,ENT2-NORD_HH,0.0
2024-04-03 11:30:00+00:00,ENT2-NORD_HH,0.0
2024-04-03 18:00:00+00:00,ENT2-NORD_HH,0.0
2024-04-03 19:30:00+00:00,ENT2-NORD_HH,0.0
2024-04-03 21:00:00+00:00,ENT2-NORD_HH,0.0
2024-04-03 22:30:00+00:00,ENT2-NORD_HH,0.0
2024-04-04 00:00:00+00:00,ENT2-NORD_HH,0.0
2024-04-04 04:30:00+00:00,ENT2-NORD_HH,0.0
2024-04-04 07:00:00+00:00,ENT2-NORD_HH,0.0
2024-04-04 09:00:00+00:00,ENT2-NORD_HH,0.0
2024-04-04 18:00:00+00:00,ENT2-NORD_HH,0.0
2024-04-05 00:00:00+00:00,ENT2-NORD_HH,0.0
2024-04-05 05:00:00+00:00,ENT2-NORD_HH,0.0
2024-04-05 11:30:00+00:00,ENT2-NORD_HH,0.0
2024-04-05 19:30:00+00:00,ENT2-NORD_HH,0.0
2024-04-06 00:30:00+00:00,ENT2-NORD_HH,0.0
2024-04-06 01:30:00+00:00,ENT2-NORD_HH,0.0
2024-04-07 00:00:00+00:00,ENT2-NORD_HH,0.0
2024-04-07 03:30:00+00:00,ENT2-NORD_HH,0.0
2024-04-07 05:00:00+00:00,ENT2-NORD_HH,0.0
2024-04-07 06:30:00+00:00,ENT2-NORD_HH,0.0
2024-04-07 07:00:00+00:00,ENT2-NORD_HH,0.0
2024-04-07 13:00:00+00:00,ENT2-NORD_HH,0.0
2024-04-07 14:00:00+00:00,ENT2-NORD_HH,0.0
2024-04-07 19:30:00+00:00,ENT2-NORD_HH,0.0
2024-04-07 21:00:00+00:00,ENT2-NORD_HH,0.0
2024-04-07 23:30:00+00:00,ENT2-NORD_HH,0.0
2024-04-08 00:00:00+00:00,ENT2-NORD_HH,0.0
2024-04-08 13:30:00+00:00,ENT2-NORD_HH,0.0
2024-04-08 17:00:00+00:00,ENT2-NORD_HH,0.0
2024-04-08 18:30:00+00:00,ENT2-NORD_HH,0.0
2024-04-08 23:00:00+00:00,ENT2-NORD_HH,0.0
2024-04-09 00:00:00+00:00,ENT2-NORD_HH,0.0
2024-04-09 08:30:00+00:00,ENT2-NORD_HH,0.0
2024-04-09 18:30:00+00:00,ENT2-NORD_HH,0.0
2024-04-09 23:00:00+00:00,ENT2-NORD_HH,0.0
2024-04-09 23:30:00+00:00,ENT2-NORD_HH,0.0
2024-04-10 00:00:00+00:00,ENT2-NORD_HH,0.0
2024-04-10 03:00:00+00:00,ENT2-NORD_HH,0.0
2024-04-10 09:00:00+00:00,ENT2-NORD_HH,0.0
2024-04-10 21:30:00+00:00,ENT2-NORD_HH,0.0
2024-04-11 05:30:00+00:00,ENT2-NORD_HH,0.0
2024-04-11 09:30:00+00:00,ENT2-NORD_HH,0.0
2024-04-11 12:00:00+00:00,ENT2-NORD_HH,0.0
2024-04-11 18:00:00+00:00,ENT2-NORD_HH,0.0
2024-04-11 19:00:00+00:00,ENT2-NORD_HH,0.0
2024-04-12 00:00:00+00:00,ENT2-NORD_HH,0.0
2024-04-12 03:30:00+00:00,ENT2-NORD_HH,0.0
2024-04-12 04:30:00+00:00,ENT2-NORD_HH,0.0
2024-04-12 06:30:00+00:00,ENT2-NORD_HH,0.0
2024-04-12 16:00:00+00:00,ENT2-NORD_HH,0.0
2024-04-12 17:30:00+00:00,ENT2-NORD_HH,0.0
2024-04-12 21:30:00+00:00,ENT2-NORD_HH,0.0
2024-04-13 00:30:00+00:00,ENT2-NORD_HH,0.0
2024-04-13 05:00:00+00:00,ENT2-NORD_HH,0.0
2024-04-13 10:30:00+00:00,ENT2-NORD_HH,0.0
2024-04-13 14:30:00+00:00,ENT2-NORD_HH,0.0
2024-04-14 00:00:00+00:00,ENT2-NORD_HH,0.0
2024-04-14 08:30:00+00:00,ENT2-NORD_HH,0.0
2024-04-14 10:30:00+00:00,ENT2-NORD_HH,0.0
2024-04-14 15:30:00+00:00,ENT2-NORD_HH,0.0
2024-04-14 18:00:00+00:00,ENT2-NORD_HH,0.0
2024-04-14 20:30:00+00:00,ENT2-NORD_HH,0.0
2024-04-14 21:30:00+00:00,ENT2-NORD_HH,0.0
2024-04-15 00:30:00+00:00,ENT2-NORD_HH,0.0
2024-04-15 01:00:00+00:00,ENT2-NORD_HH,0.0
2024-04-15 09:30:00+00:00,ENT2-NORD_HH,0.0
2024-04-15 14:30:00+00:00,ENT2-NORD_HH,0.0
2024-04-16 02:30:00+00:00,ENT2-NORD_HH,0.0
2024-04-16 10:30:00+00:00,ENT2-NORD_HH,0.0
2024-04-16 11:00:00+00:00,ENT2-NORD_HH,0.0
2024-04-16 12:30:00+00:00,ENT2-NORD_HH,0.0
2024-04-16 15:00:00+00:00,ENT2-NORD_HH,0.0
2024-04-16 15:30:00+00:00,ENT2-NORD_HH,0.0
2024-04-16 18:00:00+00:00,ENT2-NORD_HH,0.0
2024-04-16 20:00:00+00:00,ENT2-NORD_HH,0.0
2024-04-16 20:30:00+00:00,ENT2-NORD_HH,0.0
2024-04-16 22:30:00+00:00,ENT2-NORD_HH,0.0
2024-04-17 03:30:00+00:00,ENT2-NORD_HH,0.0
2024-04-17 04:30:00+00:00,ENT2-NORD_HH,0.0
2024-04-17 06:00:00+00:00,ENT2-NORD_HH,0.0
2024-04-17 07:30:00+00:00,ENT2-NORD_HH,0.0
2024-04-17 09:30:00+00:00,ENT2-NORD_HH,0.0
2024-04-17 19:30:00+00:00,ENT2-NORD_HH,0.0
2024-04-18 02:00:00+00:00,ENT2-NORD_HH,0.0
2024-04-18 11:00:00+00:00,ENT2-NORD_HH,0.0
2024-04-19 07:30:00+00:00,ENT2-NORD_HH,0.0
2024-04-19 15:30:00+00:00,ENT2-NORD_HH,0.0
2024-04-19 16:00:00+00:00,ENT2-NORD_HH,0.0
2024-04-19 19:00:00+00:00,ENT2-NORD_HH,0.0
2024-04-19 20:00:00+00:00,ENT2-NORD_HH,0.0
2024-04-19 22:00:00+00:00,ENT2-NORD_HH,0.0
2024-04-19 22:30:00+00:00,ENT2-NORD_HH,0.0
2024-04-20 04:30:00+00:00,ENT2-NORD_HH,0.0
2024-04-20 06:30:00+00:00,ENT2-NORD_HH,0.0
2024-04-20 08:30:00+00:00,ENT2-NORD_HH,0.0
2024-04-20 11:30:00+00:00,ENT2-NORD_HH,0.0
2024-04-20 12:30:00+00:00,ENT2-NORD_HH,0.0
2024-04-20 13:30:00+00:00,ENT2-NORD_HH,0.0
2024-04-20 16:00:00+00:00,ENT2-NORD_HH,0.0
2024-04-20 21:00:00+00:00,ENT2-NORD_HH,0.0
2024-04-21 00:30:00+00:00,ENT2-NORD_HH,0.0
2024-04-21 01:00:00+00:00,ENT2-NORD_HH,0.0
2024-04-21 03:00:00+00:00,ENT2-NORD_HH,0.0
2024-04-21 07:00:00+00:00,ENT2-NORD_HH,0.0
2024-04-21 13:30:00+00:00,ENT2-NORD_HH,0.0
2024-04-21 16:00:00+00:00,ENT2-NORD_HH,0.0
2024-04-21 17:30:00+00:00,ENT2-NORD_HH,0.0
2024-04-21 19:30:00+00:00,ENT2-NORD_HH,0.0
2024-04-22 04:00:00+00:00,ENT2-NORD_HH,0.0
2024-04-22 04:30:00+00:00,ENT2-NORD_HH,0.0
2024-04-22 12:30:00+00:00,ENT2-NORD_HH,0.0
2024-04-22 21:30:00+00:00,ENT2-NORD_HH,0.0
2024-04-22 23:30:00+00:00,ENT2-NORD_HH,0.0
2024-04-23 10:00:00+00:00,ENT2-NORD_HH,0.0
2024-04-23 12:00:00+00:00,ENT2-NORD_HH,0.0
2024-04-23 17:30:00+00:00,ENT2-NORD_HH,0.0
2024-04-23 19:00:00+00:00,ENT2-NORD_HH,0.0
2024-04-23 22:00:00+00:00,ENT2-NORD_HH,0.0
2024-04-24 00:30:00+00:00,ENT2-NORD_HH,0.0
2024-04-24 06:00:00+00:00,ENT2-NORD_HH,0.0
2024-04-24 12:00:00+00:00,ENT2-NORD_HH,0.0
2024-04-24 17:30:00+00:00,ENT2-NORD_HH,0.0
2024-04-25 03:00:00+00:00,ENT2-NORD_HH,0.0
2024-04-25 09:30:00+00:00,ENT2-NORD_HH,0.0
2024-04-26 00:30:00+00:00,ENT2-NORD_HH,0.0
2024-04-26 07:00:00+00:00,ENT2-NORD_HH,0.0
2024-04-26 18:00:00+00:00,ENT2-NORD_HH,0.0
2024-04-26 21:00:00+00:00,ENT2-NORD_HH,0.0
2024-04-26 23:00:00+00:00,ENT2-NORD_HH,0.0
2024-04-27 00:30:00+00:00,ENT2-NORD_HH,0.0
2024-04-27 06:00:00+00:00,ENT2-NORD_HH,0.0
2024-04-27 07:30:00+00:00,ENT2-NORD_HH,0.0
2024-04-27 10:00:00+00:00,ENT2-NORD_HH,0.0
2024-04-27 11:00:00+00:00,ENT2-NORD_HH,0.0
2024-04-27 14:30:00+00:00,ENT2-NORD_HH,0.0
2024-04-27 16:00:00+00:00,ENT2-NORD_HH,0.0
2024-04-27 17:00:00+00:00,ENT2-NORD_HH,0.0
2024-04-27 22:00:00+00:00,ENT2-NORD_HH,0.0
2024-04-27 22:30:00+00:00,ENT2-NORD_HH,0.0
2024-04-28 01:00:00+00:00,ENT2-NORD_HH,0.0
2024-04-28 18:00:00+00:00,ENT2-NORD_HH,0.0
2024-04-28 19:30:00+00:00,ENT2-NORD_HH,0.0
2024-04-28 20:00:00+00:00,ENT2-NORD_HH,0.0
2024-04-28 21:00:00+00:00,ENT2-NORD_HH,0.0
2024-04-28 21:30:00+00:00,ENT2-NORD_HH,0.0
2024-04-28 22:00:00+00:00,ENT2-NORD_HH,0.0
2024-04-29 01:30:00+00:00,ENT2-NORD_HH,0.0
2024-04-29 02:00:00+00:00,ENT2-NORD_HH,0.0
2024-04-29 09:30:00+00:00,ENT2-NORD_HH,0.0
2024-04-29 11:00:00+00:00,ENT2-NORD_HH,0.0
2024-04-29 19:30:00+00:00,ENT2-NORD_HH,0.0
2024-04-29 21:30:00+00:00,ENT2-NORD_HH,0.0
2024-04-29 23:30:00+00:00,ENT2-NORD_HH,0.0
2024-04-30 00:30:00+00:00,ENT2-NORD_HH,0.0
2024-04-30 02:00:00+00:00,ENT2-NORD_HH,0.0
2024-04-30 03:00:00+00:00,ENT2-NORD_HH,0.0
2024-04-30 19:30:00+00:00,ENT2-NORD_HH,0.0
2024-04-30 20:30:00+00:00,ENT2-NORD_HH,0.0
2024-05-01 00:00:00+00:00,ENT2-NORD_HH,0.0
2024-05-01 11:30:00+00:00,ENT2-NORD_HH,0.0
2024-05-01 13:30:00+00:00,ENT2-NORD_HH,0.0
2024-05-01 18:00:00+00:00,ENT2-NORD_HH,0.0
2024-05-01 19:30:00+00:00,ENT2-NORD_HH,0.0
2024-05-01 20:00:00+00:00,ENT2-NORD_HH,0.0
2024-05-01 23:00:00+00:00,ENT2-NORD_HH,0.0
2024-05-02 04:00:00+00:00,ENT2-NORD_HH,0.0
2024-05-02 14:30:00+00:00,ENT2-NORD_HH,0.0
2024-05-02 15:30:00+00:00,ENT2-NORD_HH,0.0
2024-05-02 19:00:00+00:00,ENT2-NORD_HH,0.0
2024-05-03 07:30:00+00:00,ENT2-NORD_HH,0.0
2024-05-03 09:00:00+00:00,ENT2-NORD_HH,0.0
2024-05-03 10:00:00+00:00,ENT2-NORD_HH,0.0
2024-05-03 11:00:00+00:00,ENT2-NORD_HH,0.0
2024-05-03 15:30:00+00:00,ENT2-NORD_HH,0.0
2024-05-03 16:00:00+00:00,ENT2-NORD_HH,0.0
2024-05-03 19:00:00+00:00,ENT2-NORD_HH,0.0
2024-05-03 19:30:00+00:00,ENT2-NORD_HH,0.0
2024-05-03 21:30:00+00:00,ENT2-NORD_HH,0.0
2024-05-04 05:00:00+00:00,ENT2-NORD_HH,0.0
2024-05-04 07:00:00+00:00,ENT2-NORD_HH,0.0
2024-05-04 09:30:00+00:00,ENT2-NORD_HH,0.0
2024-05-04 12:30:00+00:00,ENT2-NORD_HH,0.0
2024-05-04 21:00:00+00:00,ENT2-NORD_HH,0.0
2024-05-04 22:30:00+00:00,ENT2-NORD_HH,0.0
2024-05-05 06:30:00+00:00,ENT2-NORD_HH,0.0
2024-05-05 15:00:00+00:00,ENT2-NORD_HH,0.0
2024-05-05 19:00:00+00:00,ENT2-NORD_HH,0.0
2024-05-05 23:00:00+00:00,ENT2-NORD_HH,0.0
2024-05-06 03:00:00+00:00,ENT2-NORD_HH,0.0
2024-05-06 08:00:00+00:00,ENT2-NORD_HH,0.0
2024-05-06 08:30:00+00:00,ENT2-NORD_HH,0.0
2024-05-06 10:00:00+00:00,ENT2-NORD_HH,0.0
2024-05-06 19:30:00+00:00,ENT2-NORD_HH,0.0
2024-05-07 01:30:00+00:00,ENT2-NORD_HH,0.0
2024-05-07 02:00:00+00:00,ENT2-NORD_HH,0.0
2024-05-07 04:30:00+00:00,ENT2-NORD_HH,0.0
2024-05-07 06:30:00+00:00,ENT2-NORD_HH,0.0
2024-05-07 16:00:00+00:00,ENT2-NORD_HH,0.0
2024-05-07 16:30:00+00:00,ENT2-NORD_HH,0.0
2024-05-07 22:00:00+00:00,ENT2-NORD_HH,0.0
2024-05-07 22:30:00+00:00,ENT2-NORD_HH,0.0
2024-05-08 01:00:00+00:00,ENT2-NORD_HH,0.0
2024-05-08 04:30:00+00:00,ENT2-NORD_HH,0.0
2024-05-08 05:00:00+00:00,ENT2-NORD_HH,0.0
2024-05-08 08:30:00+00:00,ENT2-NORD_HH,0.0
2024-05-08 13:30:00+00:00,ENT2-NORD_HH,0.0
2024-05-08 15:00:00+00:00,ENT2-NORD_HH,0.0
2024-05-09 01:30:00+00:00,ENT2-NORD_HH,0.0
2024-05-09 05:00:00+00:00,ENT2-NORD_HH,0.0
2024-05-09 06:30:00+00:00,ENT2-NORD_HH,0.0
2024-05-09 09:30:00+00:00,ENT2-NORD_HH,0.0
2024-05-09 10:30:00+00:00,ENT2-NORD_HH,0.0
2024-05-09 15:30:00+00:00,ENT2-NORD_HH,0.0
2024-05-09 23:00:00+00:00,ENT2-NORD_HH,0.0
2024-05-10 10:00:00+00:00,ENT2-NORD_HH,0.0
2024-05-10 13:00:00+00:00,ENT2-NORD_HH,0.0
2024-05-10 14:30:00+00:00,ENT2-NORD_HH,0.0
2024-05-10 20:30:00+00:00,ENT2-NORD_HH,0.0
2024-05-11 01:00:00+00:00,ENT2-NORD_HH,0.0
2024-05-11 03:30:00+00:00,ENT2-NORD_HH,0.0
2024-05-11 04:00:00+00:00,ENT2-NORD_HH,0.0
2024-05-11 07:30:00+00:00,ENT2-NORD_HH,0.0
2024-05-11 08:00:00+00:00,ENT2-NORD_HH,0.0
2024-05-11 09:00:00+00:00,ENT2-NORD_HH,0.0
2024-05-11 11:00:00+00:00,ENT2-NORD_HH,0.0
2024-05-11 11:30:00+00:00,ENT2-NORD_HH,0.0
2024-05-11 13:00:00+00:00,ENT2-NORD_HH,0.0
2024-05-11 15:00:00+00:00,ENT2-NORD_HH,0.0
2024-05-11 18:30:00+00:00,ENT2-NORD_HH,0.0
2024-05-11 22:00:00+00:00,ENT2-NORD_HH,0.0
2024-05-12 00:30:00+00:00,ENT2-NORD_HH,0.0
2024-05-12 05:00:00+00:00,ENT2-NORD_HH,0.0
2024-05-12 06:00:00+00:00,ENT2-NORD_HH,0.0
2024-05-12 07:00:00+00:00,ENT2-NORD_HH,0.0
2024-05-12 07:30:00+00:00,ENT2-NORD_HH,0.0
2024-05-12 08:00:00+00:00,ENT2-NORD_HH,0.0
2024-05-12 09:00:00+00:00,ENT2-NORD_HH,0.0
2024-05-12 11:00:00+00:00,ENT2-NORD_HH,0.0
2024-05-13 01:00:00+00:00,ENT2-NORD_HH,0.0
2024-05-13 02:30:00+00:00,ENT2-NORD_HH,0.0
2024-05-13 03:00:00+00:00,ENT2-NORD_HH,0.0
2024-05-13 03:30:00+00:00,ENT2-NORD_HH,0.0
2024-05-13 05:30:00+00:00,ENT2-NORD_HH,0.0
2024-05-13 11:30:00+00:00,ENT2-NORD_HH,0.0
2024-05-13 18:00:00+00:00,ENT2-NORD_HH,0.0
2024-05-13 19:00:00+00:00,ENT2-NORD_HH,0.0
2024-05-13 19:30:00+00:00,ENT2-NORD_HH,0.0
2024-05-13 20:30:00+00:00,ENT2-NORD_HH,0.0
2024-05-14 03:00:00+00:00,ENT2-NORD_HH,0.0
2024-05-14 05:00:00+00:00,ENT2-NORD_HH,0.0
2024-05-14 11:30:00+00:00,ENT2-NORD_HH,0.0
2024-05-14 16:00:00+00:00,ENT2-NORD_HH,0.0
2024-05-14 20:30:00+00:00,ENT2-NORD_HH,0.0
2024-05-14 23:30:00+00:00,ENT2-NORD_HH,0.0
2024-05-15 03:30:00+00:00,ENT2-NORD_HH,0.0
2024-05-15 10:00:00+00:00,ENT2-NORD_HH,0.0
2024-05-15 14:30:00+00:00,ENT2-NORD_HH,0.0
2024-05-15 18:00:00+00:00,ENT2-NORD_HH,0.0
2024-05-16 04:00:00+00:00,ENT2-NORD_HH,0.0
2024-05-16 06:30:00+00:00,ENT2-NORD_HH,0.0
2024-05-16 10:30:00+00:00,ENT2-NORD_HH,0.0
2024-05-17 00:30:00+00:00,ENT2-NORD_HH,0.0
2024-05-17 08:00:00+00:00,ENT2-NORD_HH,0.0
2024-05-17 08:30:00+00:00,ENT2-NORD_HH,0.0
2024-05-17 11:30:00+00:00,ENT2-NORD_HH,0.0
2024-05-17 15:00:00+00:00,ENT2-NORD_HH,0.0
2024-05-17 16:00:00+00:00,ENT2-NORD_HH,0.0
2024-05-17 18:00:00+00:00,ENT2-NORD_HH,0.0
2024-05-18 08:30:00+00:00,ENT2-NORD_HH,0.0
2024-05-18 10:00:00+00:00,ENT2-NORD_HH,0.0
2024-05-18 14:30:00+00:00,ENT2-NORD_HH,0.0
2024-05-18 17:00:00+00:00,ENT2-NORD_HH,0.0
2024-05-18 17:30:00+00:00,ENT2-NORD_HH,0.0
2024-05-19 00:30:00+00:00,ENT2-NORD_HH,0.0
2024-05-19 11:30:00+00:00,ENT2-NORD_HH,0.0
2024-05-19 13:00:00+00:00,ENT2-NORD_HH,0.0
2024-05-19 22:30:00+00:00,ENT2-NORD_HH,0.0
2024-05-19 23:30:00+00:00,ENT2-NORD_HH,0.0
2024-05-20 03:00:00+00:00,ENT2-NORD_HH,0.0
2024-05-20 06:30:00+00:00,ENT2-NORD_HH,0.0
2024-05-20 09:00:00+00:00,ENT2-NORD_HH,0.0
2024-05-20 14:00:00+00:00,ENT2-NORD_HH,0.0
2024-05-20 15:00:00+00:00,ENT2-NORD_HH,0.0
2024-05-20 22:30:00+00:00,ENT2-NORD_HH,0.0
2024-05-20 23:30:00+00:00,ENT2-NORD_HH,0.0
2024-05-21 03:00:00+00:00,ENT2-NORD_HH,0.0
2024-05-21 04:30:00+00:00,ENT2-NORD_HH,0.0
2024-05-21 05:30:00+00:00,ENT2-NORD_HH,0.0
2024-05-21 06:30:00+00:00,ENT2-NORD_HH,0.0
2024-05-21 11:30:00+00:00,ENT2-NORD_HH,0.0
2024-05-21 12:30:00+00:00,ENT2-NORD_HH,0.0
2024-05-21 20:30:00+00:00,ENT2-NORD_HH,0.0
2024-05-22 07:30:00+00:00,ENT2-NORD_HH,0.0
2024-05-22 08:30:00+00:00,ENT2-NORD_HH,0.0
2024-05-22 10:30:00+00:00,ENT2-NORD_HH,0.0
2024-05-22 11:30:00+00:00,ENT2-NORD_HH,0.0
2024-05-22 13:30:00+00:00,ENT2-NORD_HH,0.0
2024-05-22 14:30:00+00:00,ENT2-NORD_HH,0.0
2024-05-22 22:30:00+00:00,ENT2-NORD_HH,0.0
2024-05-23 01:00:00+00:00,ENT2-NORD_HH,0.0
2024-05-23 03:30:00+00:00,ENT2-NORD_HH,0.0
2024-05-23 06:30:00+00:00,ENT2-NORD_HH,0.0
2024-05-23 10:00:00+00:00,ENT2-NORD_HH,0.0
2024-05-23 19:00:00+00:00,ENT2-NORD_HH,0.0
2024-05-23 20:00:00+00:00,ENT2-NORD_HH,0.0
2024-05-24 00:30:00+00:00,ENT2-NORD_HH,0.0
2024-05-24 02:30:00+00:00,ENT2-NORD_HH,0.0
2024-05-24 03:00:00+00:00,ENT2-NORD_HH,0.0
2024-05-24 06:30:00+00:00,ENT2-NORD_HH,0.0
2024-05-24 07:00:00+00:00,ENT2-NORD_HH,0.0
2024-05-24 12:00:00+00:00,ENT2-NORD_HH,0.0
2024-05-24 20:30:00+00:00,ENT2-NORD_HH,0.0
2024-05-25 06:00:00+00:00,ENT2-NORD_HH,0.0
2024-05-26 00:30:00+00:00,ENT2-NORD_HH,0.0
2024-05-26 04:00:00+00:00,ENT2-NORD_HH,0.0
2024-05-26 09:00:00+00:00,ENT2-NORD_HH,0.0
2024-05-26 13:00:00+00:00,ENT2-NORD_HH,0.0
2024-05-26 15:30:00+00:00,ENT2-NORD_HH,0.0
2024-05-26 16:00:00+00:00,ENT2-NORD_HH,0.0
2024-05-26 17:30:00+00:00,ENT2-NORD_HH,0.0
2024-05-26 18:30:00+00:00,ENT2-NORD_HH,0.0
2024-05-27 00:00:00+00:00,ENT2-NORD_HH,0.0
2024-05-27 11:00:00+00:00,ENT2-NORD_HH,0.0
2024-05-27 17:00:00+00:00,ENT2-NORD_HH,0.0
2024-05-28 01:30:00+00:00,ENT2-NORD_HH,0.0
2024-05-28 05:30:00+00:00,ENT2-NORD_HH,0.0
2024-05-28 08:30:00+00:00,ENT2-NORD_HH,0.0
2024-05-28 11:00:00+00:00,ENT2-NORD_HH,0.0
2024-05-28 11:30:00+00:00,ENT2-NORD_HH,0.0
2024-05-28 16:00:00+00:00,ENT2-NORD_HH,0.0
2024-05-28 18:30:00+00:00,ENT2-NORD_HH,0.0
2024-05-28 21:30:00+00:00,ENT2-NORD_HH,0.0
2024-05-29 01:00:00+00:00,ENT2-NORD_HH,0.0
2024-05-29 01:30:00+00:00,ENT2-NORD_HH,0.0
2024-05-29 05:30:00+00:00,ENT2-NORD_HH,0.0
2024-05-29 09:30:00+00:00,ENT2-NORD_HH,0.0
2024-05-29 16:30:00+00:00,ENT2-NORD_HH,0.0
2024-05-30 01:30:00+00:00,ENT2-NORD_HH,0.0
2024-05-30 05:00:00+00:00,ENT2-NORD_HH,0.0
2024-05-30 06:00:00+00:00,ENT2-NORD_HH,0.0
2024-05-30 07:00:00+00:00,ENT2-NORD_HH,0.0
2024-05-30 08:00:00+00:00,ENT2-NORD_HH,0.0
2024-05-30 14:30:00+00:00,ENT2-NORD_HH,0.0
2024-05-30 16:00:00+00:00,ENT2-NORD_HH,0.0
2024-05-30 17:00:00+00:00,ENT2-NORD_HH,0.0
2024-05-30 18:00:00+00:00,ENT2-NORD_HH,0.0
2024-05-31 04:30:00+00:00,ENT2-NORD_HH,0.0
2024-05-31 07:30:00+00:00,ENT2-NORD_HH,0.0
2024-05-31 09:00:00+00:00,ENT2-NORD_HH,0.0
2024-05-31 09:30:00+00:00,ENT2-NORD_HH,0.0
2024-05-31 18:00:00+00:00,ENT2-NORD_HH,0.0
2024-05-31 19:00:00+00:00,ENT2-NORD_HH,0.0
2024-05-31 20:00:00+00:00,ENT2-NORD_HH,0.0
2024-01-01 09:30:00+00:00,ENT2-NORD_HH,2.243617712
2024-01-01 12:00:00+00:00,ENT2-NORD_HH,2.064339078
2024-01-01 17:30:00+00:00,ENT2-NORD_HH,2.054387596
2024-01-01 18:00:00+00:00,ENT2-NORD_HH,2.008373404
2024-01-01 18:30:00+00:00,ENT2-NORD_HH,2.02635911
2024-01-02 05:00:00+00:00,ENT2-NORD_HH,2.045905769
2024-01-02 05:30:00+00:00,ENT2-NORD_HH,1.999965992
2024-01-02 07:30:00+00:00,ENT2-NORD_HH,2.854367608
2024-01-02 12:00:00+00:00,ENT2-NORD_HH,2.396086434
2024-01-02 16:30:00+00:00,ENT2-NORD_HH,2.515962852
2024-01-02 22:30:00+00:00,ENT2-NORD_HH,1.840477449
2024-01-02 23:30:00+00:00,ENT2-NORD_HH,1.822544091
2024-01-03 00:30:00+00:00,ENT2-NORD_HH,1.698697386
2024-01-03 03:00:00+00:00,ENT2-NORD_HH,1.72893875
2024-01-03 06:00:00+00:00,ENT2-NORD_HH,2.182588552
2024-01-03 06:30:00+00:00,ENT2-NORD_HH,2.361968503
2024-01-03 07:30:00+00:00,ENT2-NORD_HH,2.668394772
2024-01-03 08:30:00+00:00,ENT2-NORD_HH,2.7352566
2024-01-03 09:00:00+00:00,ENT2-NORD_HH,2.698009141
2024-01-03 10:00:00+00:00,ENT2-NORD_HH,2.674373994
2024-01-03 10:30:00+00:00,ENT2-NORD_HH,2.629634292
2024-01-03 17:00:00+00:00,ENT2-NORD_HH,2.44398
2024-01-03 17:30:00+00:00,ENT2-NORD_HH,2.43308835
2024-01-04 12:00:00+00:00,ENT2-NORD_HH,2.287238576
2024-01-04 21:30:00+00:00,ENT2-NORD_HH,1.88177605
2024-01-04 23:30:00+00:00,ENT2-NORD_HH,1.9975109
2024-01-05 01:00:00+00:00,ENT2-NORD_HH,1.9721856
2024-01-05 01:30:00+00:00,ENT2-NORD_HH,1.9721856
2024-01-05 06:30:00+00:00,ENT2-NORD_HH,2.45986767
2024-01-05 09:00:00+00:00,ENT2-NORD_HH,2.99581236
2024-01-05 12:30:00+00:00,ENT2-NORD_HH,2.638519182
2024-01-05 20:00:00+00:00,ENT2-NORD_HH,1.979574402
2024-01-06 06:30:00+00:00,ENT2-NORD_HH,2.247852032
2024-01-06 09:30:00+00:00,ENT2-NORD_HH,2.5303421
2024-01-06 12:30:00+00:00,ENT2-NORD_HH,2.231522952
2024-01-06 16:00:00+00:00,ENT2-NORD_HH,2.429083938
2024-01-07 07:00:00+00:00,ENT2-NORD_HH,2.240290878
2024-01-07 10:00:00+00:00,ENT2-NORD_HH,2.28171816
2024-01-07 18:30:00+00:00,ENT2-NORD_HH,2.17883876
2024-01-07 20:30:00+00:00,ENT2-NORD_HH,2.032980417
2024-01-07 21:30:00+00:00,ENT2-NORD_HH,2.039881558
2024-01-24 13:30:00+00:00,ENT2-BRET_HH,2.49712861
2024-01-25 12:00:00+00:00,ENT2-BRET_HH,2.30659638
2024-01-25 15:00:00+00:00,ENT2-BRET_HH,2.590727902
2024-01-25 16:00:00+00:00,ENT2-BRET_HH,2.558496788
2024-01-25 19:30:00+00:00,ENT2-BRET_HH,1.990358682
2024-01-26 08:30:00+00:00,ENT2-BRET_HH,2.850434004
2024-01-26 09:00:00+00:00,ENT2-BRET_HH,2.864364608
2024-01-27 06:00:00+00:00,ENT2-BRET_HH,2.083849068
2024-01-27 23:00:00+00:00,ENT2-BRET_HH,1.860405874
2024-01-28 03:30:00+00:00,ENT2-BRET_HH,1.91122316
2024-01-28 07:30:00+00:00,ENT2-BRET_HH,2.239135188
2024-01-28 13:30:00+00:00,ENT2-BRET_HH,2.015259408
2024-01-28 16:00:00+00:00,ENT2-BRET_HH,1.995494616
2024-01-28 17:00:00+00:00,ENT2-BRET_HH,2.060690328
2024-01-28 17:30:00+00:00,ENT2-BRET_HH,2.05282188
2024-01-29 00:00:00+00:00,ENT2-BRET_HH,1.798488772
2024-01-29 07:00:00+00:00,ENT2-BRET_HH,2.74644965
2024-01-29 11:00:00+00:00,ENT2-BRET_HH,2.631253208
2024-01-29 12:00:00+00:00,ENT2-BRET_HH,2.003589952
2024-01-29 13:00:00+00:00,ENT2-BRET_HH,2.18915466
2024-01-29 16:00:00+00:00,ENT2-BRET_HH,2.593453086
2024-01-29 17:00:00+00:00,ENT2-BRET_HH,2.564494304
2024-01-29 20:30:00+00:00,ENT2-BRET_HH,1.966796192
2024-01-29 22:30:00+00:00,ENT2-BRET_HH,1.877580466
2024-01-30 00:30:00+00:00,ENT2-BRET_HH,1.708434892
2024-01-30 04:00:00+00:00,ENT2-BRET_HH,1.866876218
2024-01-30 05:00:00+00:00,ENT2-BRET_HH,1.999839988
2024-01-30 15:00:00+00:00,ENT2-BRET_HH,2.60712857
2024-01-30 18:30:00+00:00,ENT2-BRET_HH,2.299358832
2024-01-30 19:00:00+00:00,ENT2-BRET_HH,2.16515537
2024-01-30 21:00:00+00:00,ENT2-BRET_HH,1.967328152
2024-01-31 01:00:00+00:00,ENT2-BRET_HH,1.86880502
2024-01-31 03:00:00+00:00,ENT2-BRET_HH,1.85290544
2024-01-31 04:00:00+00:00,ENT2-BRET_HH,1.907717724
2024-01-31 09:00:00+00:00,ENT2-BRET_HH,2.794658412
2024-01-31 09:30:00+00:00,ENT2-BRET_HH,2.755589356
2024-01-31 13:00:00+00:00,ENT2-BRET_HH,2.495711636
2024-02-01 07:30:00+00:00,ENT2-BRET_HH,2.827315548
2024-02-01 09:00:00+00:00,ENT2-BRET_HH,2.87429567
2024-02-01 13:00:00+00:00,ENT2-BRET_HH,2.484992026
2024-02-01 19:00:00+00:00,ENT2-BRET_HH,2.088550912
2024-02-01 20:00:00+00:00,ENT2-BRET_HH,1.947562624
2024-02-01 21:30:00+00:00,ENT2-BRET_HH,1.87001367
2024-02-02 16:30:00+00:00,ENT2-BRET_HH,2.461632276
2024-02-03 00:30:00+00:00,ENT2-BRET_HH,1.779082404
2024-02-03 04:00:00+00:00,ENT2-BRET_HH,1.936614064
2024-02-03 07:30:00+00:00,ENT2-BRET_HH,2.45758711
2024-02-03 08:00:00+00:00,ENT2-BRET_HH,2.497482702
2024-02-03 10:00:00+00:00,ENT2-BRET_HH,2.384041264
2024-02-03 13:30:00+00:00,ENT2-BRET_HH,2.34111318
2024-02-03 14:00:00+00:00,ENT2-BRET_HH,2.279938834
2024-02-03 16:00:00+00:00,ENT2-BRET_HH,2.277784148
2024-02-03 20:00:00+00:00,ENT2-BRET_HH,1.84843362
2024-02-03 21:30:00+00:00,ENT2-BRET_HH,1.827367256
2024-02-03 22:30:00+00:00,ENT2-BRET_HH,1.755965332
2024-02-04 10:30:00+00:00,ENT2-BRET_HH,2.11239204
2024-02-04 12:00:00+00:00,ENT2-BRET_HH,2.066152
2024-02-04 21:00:00+00:00,ENT2-BRET_HH,1.814901386
2024-02-04 23:00:00+00:00,ENT2-BRET_HH,1.760663226
2024-02-05 02:00:00+00:00,ENT2-BRET_HH,1.762898634
2024-02-05 06:00:00+00:00,ENT2-BRET_HH,2.364185376
2024-02-05 09:30:00+00:00,ENT2-BRET_HH,2.8104365
2024-02-05 13:00:00+00:00,ENT2-BRET_HH,2.289222292
2024-02-05 13:30:00+00:00,ENT2-BRET_HH,2.318995828
2024-02-05 17:00:00+00:00,ENT2-BRET_HH,2.605088972
2024-02-05 19:30:00+00:00,ENT2-BRET_HH,2.15639256
2024-02-06 04:30:00+00:00,ENT2-BRET_HH,1.94106717
2024-02-06 06:00:00+00:00,ENT2-BRET_HH,2.29415967
2024-02-06 10:30:00+00:00,ENT2-BRET_HH,2.775786
2024-02-06 12:30:00+00:00,ENT2-BRET_HH,2.38797872
2024-02-06 16:00:00+00:00,ENT2-BRET_HH,2.596502196
2024-02-06 16:30:00+00:00,ENT2-BRET_HH,2.557865604
2024-02-06 21:00:00+00:00,ENT2-BRET_HH,1.923896256
2024-02-06 23:30:00+00:00,ENT2-BRET_HH,1.888267766
2024-02-07 00:00:00+00:00,ENT2-BRET_HH,1.65466763
2024-02-07 04:00:00+00:00,ENT2-BRET_HH,1.828039356
2024-02-08 04:00:00+00:00,ENT2-BRET_HH,1.933687522
2024-02-08 04:30:00+00:00,ENT2-BRET_HH,1.98869824
2024-02-08 11:00:00+00:00,ENT2-BRET_HH,2.491424376
2024-02-08 12:30:00+00:00,ENT2-BRET_HH,2.19220728
2024-02-08 23:00:00+00:00,ENT2-BRET_HH,1.594417664
2024-02-09 01:30:00+00:00,ENT2-BRET_HH,1.618523244
2024-02-09 05:00:00+00:00,ENT2-BRET_HH,1.836605512
2024-02-09 11:30:00+00:00,ENT2-BRET_HH,2.375509056
2024-02-09 14:00:00+00:00,ENT2-BRET_HH,2.348210016
2024-02-09 21:30:00+00:00,ENT2-BRET_HH,1.726217472
2024-02-09 22:30:00+00:00,ENT2-BRET_HH,1.676046222
2024-02-10 08:30:00+00:00,ENT2-BRET_HH,2.301508286
2024-02-10 20:30:00+00:00,ENT2-BRET_HH,1.711887268
2024-02-11 01:30:00+00:00,ENT2-BRET_HH,1.690452116
2024-02-11 13:00:00+00:00,ENT2-BRET_HH,1.991469102
2024-02-11 14:00:00+00:00,ENT2-BRET_HH,1.905033326
2024-02-11 20:00:00+00:00,ENT2-BRET_HH,1.781870504
2024-02-12 00:00:00+00:00,ENT2-BRET_HH,1.750144968
2024-02-12 02:30:00+00:00,ENT2-BRET_HH,1.759040712
2024-02-12 05:00:00+00:00,ENT2-BRET_HH,2.00167824
2024-02-12 07:00:00+00:00,ENT2-BRET_HH,2.646725576
2024-02-12 09:30:00+00:00,ENT2-BRET_HH,2.7608868
2024-02-12 10:00:00+00:00,ENT2-BRET_HH,2.744168496
2024-02-12 16:00:00+00:00,ENT2-BRET_HH,2.571574074
2024-02-12 16:30:00+00:00,ENT2-BRET_HH,2.576109978
2024-02-12 19:00:00+00:00,ENT2-BRET_HH,2.15948564
2024-02-12 22:00:00+00:00,ENT2-BRET_HH,1.885141458
2024-02-13 03:30:00+00:00,ENT2-BRET_HH,1.832136384
2024-02-14 09:30:00+00:00,ENT2-BRET_HH,2.43645588
2024-02-14 11:00:00+00:00,ENT2-BRET_HH,2.31749376
2024-02-15 08:30:00+00:00,ENT2-BRET_HH,2.476920876
2024-02-15 09:30:00+00:00,ENT2-BRET_HH,2.41545443
2024-02-15 13:00:00+00:00,ENT2-BRET_HH,2.036918832
2024-02-15 14:30:00+00:00,ENT2-BRET_HH,2.13084664
2024-02-16 02:30:00+00:00,ENT2-BRET_HH,1.4704362
2024-02-16 05:30:00+00:00,ENT2-BRET_HH,1.702851188
2024-02-16 06:30:00+00:00,ENT2-BRET_HH,2.086354928
2024-02-16 10:00:00+00:00,ENT2-BRET_HH,2.374641528
2024-02-16 15:00:00+00:00,ENT2-BRET_HH,2.219674644
2024-02-16 18:00:00+00:00,ENT2-BRET_HH,2.103064476
2024-02-16 21:30:00+00:00,ENT2-BRET_HH,1.619208474
2024-02-17 00:30:00+00:00,ENT2-BRET_HH,1.5102351
2024-02-17 04:00:00+00:00,ENT2-BRET_HH,1.6490144
2024-02-17 11:30:00+00:00,ENT2-BRET_HH,2.160021916
2024-02-17 15:00:00+00:00,ENT2-BRET_HH,2.061324252
2024-02-17 18:00:00+00:00,ENT2-BRET_HH,2.0128572
2024-02-17 19:00:00+00:00,ENT2-BRET_HH,1.77580824
2024-02-18 00:00:00+00:00,ENT2-BRET_HH,1.586976672
2024-02-18 01:30:00+00:00,ENT2-BRET_HH,1.611539568
2024-02-18 02:00:00+00:00,ENT2-BRET_HH,1.583505828
2024-02-18 05:30:00+00:00,ENT2-BRET_HH,1.700632674
2024-02-18 07:00:00+00:00,ENT2-BRET_HH,1.84482816
2024-02-18 21:00:00+00:00,ENT2-BRET_HH,1.634322544
2024-02-18 23:00:00+00:00,ENT2-BRET_HH,1.62074925
2024-02-19 09:30:00+00:00,ENT2-BRET_HH,2.52734196
2024-02-19 10:30:00+00:00,ENT2-BRET_HH,2.48744494
2024-02-19 13:30:00+00:00,ENT2-BRET_HH,2.1087335
2024-02-20 04:30:00+00:00,ENT2-BRET_HH,1.809201
2024-02-20 12:30:00+00:00,ENT2-BRET_HH,2.31543712
2024-02-20 16:00:00+00:00,ENT2-BRET_HH,2.52847983
2024-02-21 03:30:00+00:00,ENT2-BRET_HH,1.6421966
2024-02-21 10:30:00+00:00,ENT2-BRET_HH,2.3587054
2024-02-21 20:30:00+00:00,ENT2-BRET_HH,1.6683634
2024-02-22 03:00:00+00:00,ENT2-BRET_HH,1.5916879
2024-02-22 09:00:00+00:00,ENT2-BRET_HH,2.33033944
2024-02-22 13:30:00+00:00,ENT2-BRET_HH,2.09511995
2024-02-22 18:30:00+00:00,ENT2-BRET_HH,1.93623808
2024-02-23 11:30:00+00:00,ENT2-BRET_HH,2.41791238
2024-02-23 18:30:00+00:00,ENT2-BRET_HH,2.22496208
2024-02-23 21:30:00+00:00,ENT2-BRET_HH,1.83021806
2024-02-24 02:30:00+00:00,ENT2-BRET_HH,1.76709027
2024-02-24 03:30:00+00:00,ENT2-BRET_HH,1.80994216
2024-02-24 04:00:00+00:00,ENT2-BRET_HH,1.9113044
2024-02-24 06:00:00+00:00,ENT2-BRET_HH,2.06904179
2024-02-24 13:00:00+00:00,ENT2-BRET_HH,2.39137465
2024-02-24 13:30:00+00:00,ENT2-BRET_HH,2.40642684
2024-02-24 21:00:00+00:00,ENT2-BRET_HH,1.82984604
2024-02-25 22:30:00+00:00,ENT2-BRET_HH,1.75332836
2024-02-26 14:00:00+00:00,ENT2-BRET_HH,0.0
2024-02-26 16:30:00+00:00,ENT2-BRET_HH,0.0
2024-02-26 21:30:00+00:00,ENT2-BRET_HH,0.0
2024-02-27 04:00:00+00:00,ENT2-BRET_HH,1.893375088
2024-02-27 16:00:00+00:00,ENT2-BRET_HH,0.0
2024-02-27 17:00:00+00:00,ENT2-BRET_HH,0.0
2024-02-28 08:30:00+00:00,ENT2-BRET_HH,0.0
2024-02-28 20:00:00+00:00,ENT2-BRET_HH,0.0
2024-02-28 22:30:00+00:00,ENT2-BRET_HH,0.0
2024-02-28 23:00:00+00:00,ENT2-BRET_HH,0.0
2024-02-29 08:30:00+00:00,ENT2-BRET_HH,2.59978424
2024-02-29 11:30:00+00:00,ENT2-BRET_HH,2.150700304
2024-02-29 12:30:00+00:00,ENT2-BRET_HH,2.095318708
2024-02-29 14:30:00+00:00,ENT2-BRET_HH,2.299652526
2024-02-29 16:30:00+00:00,ENT2-BRET_HH,2.197593519
2024-02-29 17:30:00+00:00,ENT2-BRET_HH,2.20801494
2024-02-29 22:30:00+00:00,ENT2-BRET_HH,1.649474827
2024-03-01 04:30:00+00:00,ENT2-BRET_HH,1.732447763
2024-03-01 09:30:00+00:00,ENT2-BRET_HH,2.60095076
2024-03-02 01:00:00+00:00,ENT2-BRET_HH,1.783951211
2024-03-02 19:30:00+00:00,ENT2-BRET_HH,1.943800365
2024-03-02 20:30:00+00:00,ENT2-BRET_HH,1.826125375
2024-03-03 00:00:00+00:00,ENT2-BRET_HH,1.762394825
2024-03-03 01:00:00+00:00,ENT2-BRET_HH,1.78866556
2024-03-03 05:30:00+00:00,ENT2-BRET_HH,1.870692912
2024-03-03 10:30:00+00:00,ENT2-BRET_HH,2.215594414
2024-03-03 15:30:00+00:00,ENT2-BRET_HH,2.099231888
2024-03-03 21:00:00+00:00,ENT2-BRET_HH,1.90156183
2024-03-03 21:30:00+00:00,ENT2-BRET_HH,1.876106264
2024-03-03 22:00:00+00:00,ENT2-BRET_HH,1.81351546
2024-03-04 05:00:00+00:00,ENT2-BRET_HH,2.046451125
2024-03-04 07:30:00+00:00,ENT2-BRET_HH,0.0
2024-03-04 17:00:00+00:00,ENT2-BRET_HH,0.0
2024-03-04 23:30:00+00:00,ENT2-BRET_HH,0.0
2024-03-05 03:30:00+00:00,ENT2-BRET_HH,1.845982809
2024-03-05 06:00:00+00:00,ENT2-BRET_HH,0.0
2024-03-05 18:30:00+00:00,ENT2-BRET_HH,0.0
2024-03-05 22:30:00+00:00,ENT2-BRET_HH,0.0
2024-03-06 01:30:00+00:00,ENT2-BRET_HH,1.786678272
2024-03-06 04:00:00+00:00,ENT2-BRET_HH,1.843826892
2024-03-07 00:00:00+00:00,ENT2-BRET_HH,1.688483478
2024-03-07 01:00:00+00:00,ENT2-BRET_HH,1.826215066
2024-03-07 03:30:00+00:00,ENT2-BRET_HH,1.842078522
2024-03-07 04:00:00+00:00,ENT2-BRET_HH,1.935871382
2024-03-07 06:00:00+00:00,ENT2-BRET_HH,0.0
2024-03-07 07:30:00+00:00,ENT2-BRET_HH,0.0
2024-03-07 08:00:00+00:00,ENT2-BRET_HH,0.0
2024-03-07 09:00:00+00:00,ENT2-BRET_HH,0.0
2024-03-07 09:30:00+00:00,ENT2-BRET_HH,0.0
2024-03-07 11:30:00+00:00,ENT2-BRET_HH,0.0
2024-03-07 17:00:00+00:00,ENT2-BRET_HH,0.0
2024-03-07 17:30:00+00:00,ENT2-BRET_HH,0.0
2024-03-08 02:00:00+00:00,ENT2-BRET_HH,1.696108134
2024-03-08 07:00:00+00:00,ENT2-BRET_HH,2.530192848
2024-03-08 11:00:00+00:00,ENT2-BRET_HH,2.507820144
2024-03-09 11:00:00+00:00,ENT2-BRET_HH,2.428410976
2024-03-09 19:00:00+00:00,ENT2-BRET_HH,2.028582218
2024-03-10 00:00:00+00:00,ENT2-BRET_HH,1.74815944
2024-03-10 03:00:00+00:00,ENT2-BRET_HH,1.758476592
2024-03-10 04:00:00+00:00,ENT2-BRET_HH,1.823710501
2024-03-10 06:30:00+00:00,ENT2-BRET_HH,2.002021138
2024-03-10 07:00:00+00:00,ENT2-BRET_HH,2.050668748
2024-03-10 10:00:00+00:00,ENT2-BRET_HH,2.21023998
2024-03-10 11:30:00+00:00,ENT2-BRET_HH,2.1597
2024-03-10 16:30:00+00:00,ENT2-BRET_HH,2.0015
2024-03-11 02:00:00+00:00,ENT2-BRET_HH,1.757030324
2024-03-11 06:00:00+00:00,ENT2-BRET_HH,0.0
2024-03-11 14:30:00+00:00,ENT2-BRET_HH,0.0
2024-03-11 18:00:00+00:00,ENT2-BRET_HH,0.0
2024-03-11 20:30:00+00:00,ENT2-BRET_HH,0.0
2024-03-12 01:30:00+00:00,ENT2-BRET_HH,1.751113264
2024-03-12 08:30:00+00:00,ENT2-BRET_HH,2.832221476
2024-03-12 15:00:00+00:00,ENT2-BRET_HH,2.664040616
2024-03-12 19:00:00+00:00,ENT2-BRET_HH,2.094899576
2024-03-12 20:00:00+00:00,ENT2-BRET_HH,1.950983984
2024-03-12 20:30:00+00:00,ENT2-BRET_HH,1.897820776
2024-03-12 21:30:00+00:00,ENT2-BRET_HH,1.8481808
2024-03-13 00:30:00+00:00,ENT2-BRET_HH,1.69518824
2024-03-13 10:30:00+00:00,ENT2-BRET_HH,2.49181552
2024-03-13 11:00:00+00:00,ENT2-BRET_HH,2.453731588
2024-03-13 17:00:00+00:00,ENT2-BRET_HH,2.258310904
2024-03-13 17:30:00+00:00,ENT2-BRET_HH,2.182604936
2024-03-14 00:00:00+00:00,ENT2-BRET_HH,1.5442756
2024-03-14 03:00:00+00:00,ENT2-BRET_HH,1.645178656
2024-03-14 06:00:00+00:00,ENT2-BRET_HH,1.98655954
2024-03-14 08:30:00+00:00,ENT2-BRET_HH,2.459598608
2024-03-14 13:30:00+00:00,ENT2-BRET_HH,2.01747288
2024-03-15 00:00:00+00:00,ENT2-BRET_HH,1.480302976
2024-03-15 01:30:00+00:00,ENT2-BRET_HH,1.57923354
2024-03-15 03:30:00+00:00,ENT2-BRET_HH,1.592241456
2024-03-15 13:00:00+00:00,ENT2-BRET_HH,2.35851616
2024-03-15 15:30:00+00:00,ENT2-BRET_HH,2.242846988
2024-03-15 18:30:00+00:00,ENT2-BRET_HH,2.021285728
2024-03-15 19:30:00+00:00,ENT2-BRET_HH,1.78558828
2024-03-15 21:00:00+00:00,ENT2-BRET_HH,1.657404192
2024-03-16 02:00:00+00:00,ENT2-BRET_HH,1.64522624
2024-03-16 12:30:00+00:00,ENT2-BRET_HH,2.272180064
2024-03-16 19:30:00+00:00,ENT2-BRET_HH,1.810376464
2024-03-17 00:30:00+00:00,ENT2-BRET_HH,1.61213312
2024-03-17 05:00:00+00:00,ENT2-BRET_HH,1.7115904
2024-03-17 09:30:00+00:00,ENT2-BRET_HH,2.01611778
2024-03-17 13:00:00+00:00,ENT2-BRET_HH,1.968538936
2024-03-18 00:00:00+00:00,ENT2-BRET_HH,1.48940544
2024-03-18 01:30:00+00:00,ENT2-BRET_HH,1.490483216
2024-03-18 03:00:00+00:00,ENT2-BRET_HH,1.470838656
2024-03-18 09:00:00+00:00,ENT2-BRET_HH,2.39756328
2024-03-18 09:30:00+00:00,ENT2-BRET_HH,2.39723888
2024-03-18 17:00:00+00:00,ENT2-BRET_HH,2.184815248
2024-03-18 21:30:00+00:00,ENT2-BRET_HH,1.575630432
2024-03-19 02:30:00+00:00,ENT2-BRET_HH,1.498332672
2024-03-19 07:30:00+00:00,ENT2-BRET_HH,2.418955392
2024-03-19 12:00:00+00:00,ENT2-BRET_HH,2.008231344
2024-03-19 19:00:00+00:00,ENT2-BRET_HH,1.847553856
2024-03-19 21:00:00+00:00,ENT2-BRET_HH,1.669812672
2024-03-20 03:00:00+00:00,ENT2-BRET_HH,1.6143512
2024-03-20 04:30:00+00:00,ENT2-BRET_HH,1.7103408
2024-03-20 06:30:00+00:00,ENT2-BRET_HH,2.171594656
2024-03-20 13:30:00+00:00,ENT2-BRET_HH,2.050186512
2024-03-20 15:30:00+00:00,ENT2-BRET_HH,2.158853888
2024-03-20 19:30:00+00:00,ENT2-BRET_HH,1.765245376
2024-03-21 02:30:00+00:00,ENT2-BRET_HH,1.584840096
2024-03-21 03:30:00+00:00,ENT2-BRET_HH,1.607288256
2024-03-21 16:00:00+00:00,ENT2-BRET_HH,1.982740544
2024-03-21 17:30:00+00:00,ENT2-BRET_HH,1.966760224
2024-03-21 19:00:00+00:00,ENT2-BRET_HH,1.70584128
2024-03-21 23:00:00+00:00,ENT2-BRET_HH,1.531774608
2024-03-22 01:30:00+00:00,ENT2-BRET_HH,1.5288528
2024-03-22 07:30:00+00:00,ENT2-BRET_HH,2.39312744
2024-03-22 09:30:00+00:00,ENT2-BRET_HH,2.36609736
2024-03-22 13:00:00+00:00,ENT2-BRET_HH,2.248966528
2024-03-22 17:30:00+00:00,ENT2-BRET_HH,2.09948248
2024-03-22 23:30:00+00:00,ENT2-BRET_HH,1.614563328
2024-03-23 00:00:00+00:00,ENT2-BRET_HH,1.592386032
2024-03-23 05:30:00+00:00,ENT2-BRET_HH,1.830479984
2024-03-23 12:00:00+00:00,ENT2-BRET_HH,2.361319008
2024-03-23 22:30:00+00:00,ENT2-BRET_HH,1.70602768
2024-03-23 23:00:00+00:00,ENT2-BRET_HH,1.686492288
2024-03-24 02:00:00+00:00,ENT2-BRET_HH,1.693984016
2024-03-24 06:00:00+00:00,ENT2-BRET_HH,1.86926912
2024-03-25 05:00:00+00:00,ENT2-BRET_HH,1.963024956
2024-03-25 12:00:00+00:00,ENT2-BRET_HH,2.1420566
2024-03-25 16:00:00+00:00,ENT2-BRET_HH,2.440773468
2024-03-25 18:00:00+00:00,ENT2-BRET_HH,2.324741336
2024-03-25 20:00:00+00:00,ENT2-BRET_HH,1.899257656
2024-03-26 01:30:00+00:00,ENT2-BRET_HH,1.74963644
2024-03-26 02:00:00+00:00,ENT2-BRET_HH,1.76088368
2024-03-26 03:30:00+00:00,ENT2-BRET_HH,1.769383336
2024-03-26 15:00:00+00:00,ENT2-BRET_HH,2.646267104
2024-03-26 19:00:00+00:00,ENT2-BRET_HH,2.151772008
2024-03-26 21:30:00+00:00,ENT2-BRET_HH,1.890478216
2024-03-26 23:30:00+00:00,ENT2-BRET_HH,1.8976353
2024-03-27 02:00:00+00:00,ENT2-BRET_HH,1.869567456
2024-03-27 02:30:00+00:00,ENT2-BRET_HH,1.874192112
2024-03-27 06:00:00+00:00,ENT2-BRET_HH,2.32439232
2024-03-27 07:00:00+00:00,ENT2-BRET_HH,2.710518756
2024-03-27 08:30:00+00:00,ENT2-BRET_HH,2.93715232
2024-03-27 11:00:00+00:00,ENT2-BRET_HH,2.8018406
2024-03-27 16:00:00+00:00,ENT2-BRET_HH,2.535290048
2024-03-27 17:30:00+00:00,ENT2-BRET_HH,2.447559552
2024-03-28 02:30:00+00:00,ENT2-BRET_HH,1.9224198
2024-03-28 19:00:00+00:00,ENT2-BRET_HH,2.061260976
2024-03-28 19:30:00+00:00,ENT2-BRET_HH,2.018874876
2024-03-28 22:00:00+00:00,ENT2-BRET_HH,1.81163178
2024-03-29 07:00:00+00:00,ENT2-BRET_HH,2.48331444
2024-03-29 07:30:00+00:00,ENT2-BRET_HH,2.66019532
2024-03-29 09:30:00+00:00,ENT2-BRET_HH,2.598789816
2024-03-29 10:30:00+00:00,ENT2-BRET_HH,2.532965904
2024-03-29 13:30:00+00:00,ENT2-BRET_HH,2.45762196
2024-03-29 18:30:00+00:00,ENT2-BRET_HH,2.190107528
2024-03-29 20:30:00+00:00,ENT2-BRET_HH,1.842041344
2024-03-29 23:30:00+00:00,ENT2-BRET_HH,1.72194026
2024-03-30 21:00:00+00:00,ENT2-BRET_HH,1.81385652
2024-03-30 22:00:00+00:00,ENT2-BRET_HH,1.746654784
2024-03-31 09:00:00+00:00,ENT2-BRET_HH,2.08829256
2024-03-31 11:30:00+00:00,ENT2-BRET_HH,2.046364672
2024-03-31 12:00:00+00:00,ENT2-BRET_HH,2.049898928
2024-03-31 13:30:00+00:00,ENT2-BRET_HH,1.972228608
2024-03-31 17:00:00+00:00,ENT2-BRET_HH,1.948606224
2024-03-31 17:30:00+00:00,ENT2-BRET_HH,1.938885016
2024-03-31 19:30:00+00:00,ENT2-BRET_HH,1.85914904
2024-04-01 06:30:00+00:00,ENT2-BRET_HH,0.0
2024-04-01 12:00:00+00:00,ENT2-BRET_HH,0.0
2024-04-01 14:00:00+00:00,ENT2-BRET_HH,0.0
2024-04-01 16:30:00+00:00,ENT2-BRET_HH,0.0
2024-04-02 04:00:00+00:00,ENT2-BRET_HH,0.0
2024-04-02 06:00:00+00:00,ENT2-BRET_HH,0.0
2024-04-02 09:00:00+00:00,ENT2-BRET_HH,0.0
2024-04-02 11:30:00+00:00,ENT2-BRET_HH,0.0
2024-04-02 17:30:00+00:00,ENT2-BRET_HH,0.0
2024-04-02 20:00:00+00:00,ENT2-BRET_HH,0.0
2024-04-03 10:00:00+00:00,ENT2-BRET_HH,0.0
2024-04-03 16:30:00+00:00,ENT2-BRET_HH,0.0
2024-04-04 02:30:00+00:00,ENT2-BRET_HH,0.0
2024-04-04 03:00:00+00:00,ENT2-BRET_HH,0.0
2024-04-04 03:30:00+00:00,ENT2-BRET_HH,0.0
2024-04-04 17:30:00+00:00,ENT2-BRET_HH,0.0
2024-04-05 08:00:00+00:00,ENT2-BRET_HH,0.0
2024-04-05 10:00:00+00:00,ENT2-BRET_HH,0.0
2024-04-05 12:00:00+00:00,ENT2-BRET_HH,0.0
2024-04-05 12:30:00+00:00,ENT2-BRET_HH,0.0
2024-04-05 22:00:00+00:00,ENT2-BRET_HH,0.0
2024-04-06 02:30:00+00:00,ENT2-BRET_HH,0.0
2024-04-06 05:00:00+00:00,ENT2-BRET_HH,0.0
2024-04-06 06:00:00+00:00,ENT2-BRET_HH,0.0
2024-04-06 10:00:00+00:00,ENT2-BRET_HH,0.0
2024-04-06 10:30:00+00:00,ENT2-BRET_HH,0.0
2024-04-06 16:30:00+00:00,ENT2-BRET_HH,0.0
2024-04-06 18:30:00+00:00,ENT2-BRET_HH,0.0
2024-04-06 19:00:00+00:00,ENT2-BRET_HH,0.0
2024-04-06 23:00:00+00:00,ENT2-BRET_HH,0.0
2024-04-07 08:00:00+00:00,ENT2-BRET_HH,0.0
2024-04-07 13:30:00+00:00,ENT2-BRET_HH,0.0
2024-04-08 07:00:00+00:00,ENT2-BRET_HH,0.0
2024-04-08 09:00:00+00:00,ENT2-BRET_HH,0.0
2024-04-08 15:30:00+00:00,ENT2-BRET_HH,0.0
2024-04-08 18:00:00+00:00,ENT2-BRET_HH,0.0
2024-04-08 20:00:00+00:00,ENT2-BRET_HH,0.0
2024-04-08 23:30:00+00:00,ENT2-BRET_HH,0.0
2024-04-09 01:00:00+00:00,ENT2-BRET_HH,0.0
2024-04-09 04:30:00+00:00,ENT2-BRET_HH,0.0
2024-04-09 06:00:00+00:00,ENT2-BRET_HH,0.0
2024-04-09 15:00:00+00:00,ENT2-BRET_HH,0.0
2024-04-09 19:30:00+00:00,ENT2-BRET_HH,0.0
2024-04-09 20:00:00+00:00,ENT2-BRET_HH,0.0
2024-04-09 20:30:00+00:00,ENT2-BRET_HH,0.0
2024-04-09 21:30:00+00:00,ENT2-BRET_HH,0.0
2024-04-10 02:00:00+00:00,ENT2-BRET_HH,0.0
2024-04-10 02:30:00+00:00,ENT2-BRET_HH,0.0
2024-04-10 04:30:00+00:00,ENT2-BRET_HH,0.0
2024-04-10 10:00:00+00:00,ENT2-BRET_HH,0.0
2024-04-10 14:30:00+00:00,ENT2-BRET_HH,0.0
2024-04-10 20:00:00+00:00,ENT2-BRET_HH,0.0
2024-04-11 00:00:00+00:00,ENT2-BRET_HH,0.0
2024-04-11 01:00:00+00:00,ENT2-BRET_HH,0.0
2024-04-11 04:00:00+00:00,ENT2-BRET_HH,0.0
2024-04-11 06:00:00+00:00,ENT2-BRET_HH,0.0
2024-04-11 07:30:00+00:00,ENT2-BRET_HH,0.0
2024-04-11 09:00:00+00:00,ENT2-BRET_HH,0.0
2024-04-11 12:30:00+00:00,ENT2-BRET_HH,0.0
2024-04-11 13:00:00+00:00,ENT2-BRET_HH,0.0
2024-04-11 16:30:00+00:00,ENT2-BRET_HH,0.0
2024-04-11 18:30:00+00:00,ENT2-BRET_HH,0.0
2024-04-11 22:30:00+00:00,ENT2-BRET_HH,0.0
2024-04-12 01:30:00+00:00,ENT2-BRET_HH,0.0
2024-04-12 04:00:00+00:00,ENT2-BRET_HH,0.0
2024-04-12 09:00:00+00:00,ENT2-BRET_HH,0.0
2024-04-12 13:00:00+00:00,ENT2-BRET_HH,0.0
2024-04-12 17:00:00+00:00,ENT2-BRET_HH,0.0
2024-04-12 18:30:00+00:00,ENT2-BRET_HH,0.0
2024-04-12 20:00:00+00:00,ENT2-BRET_HH,0.0
2024-04-12 22:00:00+00:00,ENT2-BRET_HH,0.0
2024-04-12 23:00:00+00:00,ENT2-BRET_HH,0.0
2024-04-13 03:00:00+00:00,ENT2-BRET_HH,0.0
2024-04-13 06:30:00+00:00,ENT2-BRET_HH,0.0
2024-04-13 07:00:00+00:00,ENT2-BRET_HH,0.0
2024-04-13 12:00:00+00:00,ENT2-BRET_HH,0.0
2024-04-13 19:00:00+00:00,ENT2-BRET_HH,0.0
2024-04-14 01:00:00+00:00,ENT2-BRET_HH,0.0
2024-04-14 11:00:00+00:00,ENT2-BRET_HH,0.0
2024-04-14 14:00:00+00:00,ENT2-BRET_HH,0.0
2024-04-14 16:30:00+00:00,ENT2-BRET_HH,0.0
2024-04-14 17:30:00+00:00,ENT2-BRET_HH,0.0
2024-04-14 19:00:00+00:00,ENT2-BRET_HH,0.0
2024-04-14 21:00:00+00:00,ENT2-BRET_HH,0.0
2024-04-15 02:30:00+00:00,ENT2-BRET_HH,0.0
2024-04-15 08:00:00+00:00,ENT2-BRET_HH,0.0
2024-04-15 09:00:00+00:00,ENT2-BRET_HH,0.0
2024-04-16 01:00:00+00:00,ENT2-BRET_HH,0.0
2024-04-16 01:30:00+00:00,ENT2-BRET_HH,0.0
2024-04-16 03:30:00+00:00,ENT2-BRET_HH,0.0
2024-04-16 09:30:00+00:00,ENT2-BRET_HH,0.0
2024-04-16 19:30:00+00:00,ENT2-BRET_HH,0.0
2024-04-17 01:30:00+00:00,ENT2-BRET_HH,0.0
2024-04-17 02:30:00+00:00,ENT2-BRET_HH,0.0
2024-04-17 08:30:00+00:00,ENT2-BRET_HH,0.0
2024-04-17 10:00:00+00:00,ENT2-BRET_HH,0.0
2024-04-17 15:30:00+00:00,ENT2-BRET_HH,0.0
2024-04-17 16:00:00+00:00,ENT2-BRET_HH,0.0
2024-04-17 20:30:00+00:00,ENT2-BRET_HH,0.0
2024-04-17 23:00:00+00:00,ENT2-BRET_HH,0.0
2024-04-18 06:30:00+00:00,ENT2-BRET_HH,0.0
2024-04-18 10:30:00+00:00,ENT2-BRET_HH,0.0
2024-04-18 18:30:00+00:00,ENT2-BRET_HH,0.0
2024-04-18 20:30:00+00:00,ENT2-BRET_HH,0.0
2024-04-18 23:00:00+00:00,ENT2-BRET_HH,0.0
2024-04-19 03:30:00+00:00,ENT2-BRET_HH,0.0
2024-04-19 08:30:00+00:00,ENT2-BRET_HH,0.0
2024-04-19 10:00:00+00:00,ENT2-BRET_HH,0.0
2024-04-19 13:00:00+00:00,ENT2-BRET_HH,0.0
2024-04-20 00:00:00+00:00,ENT2-BRET_HH,0.0
2024-04-20 09:30:00+00:00,ENT2-BRET_HH,0.0
2024-04-20 10:30:00+00:00,ENT2-BRET_HH,0.0
2024-04-21 21:00:00+00:00,ENT2-BRET_HH,0.0
2024-04-21 22:00:00+00:00,ENT2-BRET_HH,0.0
2024-04-22 00:30:00+00:00,ENT2-BRET_HH,0.0
2024-04-22 01:30:00+00:00,ENT2-BRET_HH,0.0
2024-04-22 09:30:00+00:00,ENT2-BRET_HH,0.0
2024-04-22 10:30:00+00:00,ENT2-BRET_HH,0.0
2024-04-22 11:00:00+00:00,ENT2-BRET_HH,0.0
2024-04-22 13:00:00+00:00,ENT2-BRET_HH,0.0
2024-04-22 14:00:00+00:00,ENT2-BRET_HH,0.0
2024-04-22 17:30:00+00:00,ENT2-BRET_HH,0.0
2024-04-22 18:30:00+00:00,ENT2-BRET_HH,0.0
2024-04-22 22:00:00+00:00,ENT2-BRET_HH,0.0
2024-04-22 22:30:00+00:00,ENT2-BRET_HH,0.0
2024-04-23 00:30:00+00:00,ENT2-BRET_HH,0.0
2024-04-23 05:30:00+00:00,ENT2-BRET_HH,0.0
2024-04-23 06:30:00+00:00,ENT2-BRET_HH,0.0
2024-04-23 14:30:00+00:00,ENT2-BRET_HH,0.0
2024-04-23 16:00:00+00:00,ENT2-BRET_HH,0.0
2024-04-23 21:00:00+00:00,ENT2-BRET_HH,0.0
2024-04-24 02:00:00+00:00,ENT2-BRET_HH,0.0
2024-04-24 07:00:00+00:00,ENT2-BRET_HH,0.0
2024-04-24 10:30:00+00:00,ENT2-BRET_HH,0.0
2024-04-24 18:30:00+00:00,ENT2-BRET_HH,0.0
2024-04-24 21:00:00+00:00,ENT2-BRET_HH,0.0
2024-04-25 05:00:00+00:00,ENT2-BRET_HH,0.0
2024-04-25 05:30:00+00:00,ENT2-BRET_HH,0.0
2024-04-25 07:00:00+00:00,ENT2-BRET_HH,0.0
2024-04-25 10:30:00+00:00,ENT2-BRET_HH,0.0
2024-04-25 19:00:00+00:00,ENT2-BRET_HH,0.0
2024-04-25 21:30:00+00:00,ENT2-BRET_HH,0.0
2024-04-25 23:30:00+00:00,ENT2-BRET_HH,0.0
2024-04-26 02:00:00+00:00,ENT2-BRET_HH,0.0
2024-04-26 17:30:00+00:00,ENT2-BRET_HH,0.0
2024-04-27 01:30:00+00:00,ENT2-BRET_HH,0.0
2024-04-27 05:30:00+00:00,ENT2-BRET_HH,0.0
2024-04-27 06:30:00+00:00,ENT2-BRET_HH,0.0
2024-04-27 08:30:00+00:00,ENT2-BRET_HH,0.0
2024-04-27 16:30:00+00:00,ENT2-BRET_HH,0.0
2024-04-27 19:00:00+00:00,ENT2-BRET_HH,0.0
2024-04-28 00:30:00+00:00,ENT2-BRET_HH,0.0
2024-04-28 01:30:00+00:00,ENT2-BRET_HH,0.0
2024-04-28 02:00:00+00:00,ENT2-BRET_HH,0.0
2024-04-28 05:00:00+00:00,ENT2-BRET_HH,0.0
2024-04-28 09:30:00+00:00,ENT2-BRET_HH,0.0
2024-04-28 11:00:00+00:00,ENT2-BRET_HH,0.0
2024-04-28 12:30:00+00:00,ENT2-BRET_HH,0.0
2024-04-28 15:00:00+00:00,ENT2-BRET_HH,0.0
2024-04-28 17:30:00+00:00,ENT2-BRET_HH,0.0
2024-04-29 00:00:00+00:00,ENT2-BRET_HH,0.0
2024-04-29 01:00:00+00:00,ENT2-BRET_HH,0.0
2024-04-29 03:30:00+00:00,ENT2-BRET_HH,0.0
2024-04-29 14:30:00+00:00,ENT2-BRET_HH,0.0
2024-04-29 17:30:00+00:00,ENT2-BRET_HH,0.0
2024-04-30 11:00:00+00:00,ENT2-BRET_HH,0.0
2024-04-30 15:00:00+00:00,ENT2-BRET_HH,0.0
2024-05-01 05:00:00+00:00,ENT2-BRET_HH,0.0
2024-05-01 06:30:00+00:00,ENT2-BRET_HH,0.0
2024-05-01 11:00:00+00:00,ENT2-BRET_HH,0.0
2024-05-01 15:00:00+00:00,ENT2-BRET_HH,0.0
2024-05-01 18:30:00+00:00,ENT2-BRET_HH,0.0
2024-05-01 21:00:00+00:00,ENT2-BRET_HH,0.0
2024-05-01 22:00:00+00:00,ENT2-BRET_HH,0.0
2024-05-02 01:00:00+00:00,ENT2-BRET_HH,0.0
2024-05-02 02:00:00+00:00,ENT2-BRET_HH,0.0
2024-05-02 07:00:00+00:00,ENT2-BRET_HH,0.0
2024-05-02 08:00:00+00:00,ENT2-BRET_HH,0.0
2024-05-02 17:00:00+00:00,ENT2-BRET_HH,0.0
2024-05-03 00:30:00+00:00,ENT2-BRET_HH,0.0
