timestamp,trl,tnl
2024-06-09 19:30:00+00:00,17.6,18.7
2024-06-09 16:30:00+00:00,18.6,19.8
2024-06-09 14:00:00+00:00,18.9,20.0
2024-06-09 12:30:00+00:00,18.7,19.7
2024-06-09 10:30:00+00:00,18.2,19.0
2024-06-09 09:00:00+00:00,17.7,18.3
2024-06-09 03:00:00+00:00,17.5,17.7
2024-06-09 01:00:00+00:00,17.6,17.8
2024-06-07 22:30:00+00:00,17.9,18.0
2024-06-07 14:00:00+00:00,19.6,19.8
2024-06-07 13:00:00+00:00,19.4,19.6
2024-06-07 08:30:00+00:00,17.5,17.9
2024-06-07 07:00:00+00:00,16.9,17.3
2024-06-07 02:00:00+00:00,17.1,17.6
2024-06-07 01:30:00+00:00,17.2,17.6
2024-06-06 17:30:00+00:00,18.9,19.2
2024-06-06 10:00:00+00:00,18.0,18.5
2024-06-06 08:30:00+00:00,17.3,17.8
2024-06-06 00:00:00+00:00,17.2,17.6
2024-06-05 23:00:00+00:00,17.3,17.7
2024-06-05 19:30:00+00:00,17.8,18.3
2024-06-05 14:30:00+00:00,19.2,19.6
2024-06-05 14:00:00+00:00,19.1,19.6
2024-06-05 09:00:00+00:00,17.4,17.9
2024-06-05 05:00:00+00:00,16.6,17.1
2024-06-05 03:00:00+00:00,16.7,17.3
2024-06-04 22:00:00+00:00,17.0,17.7
2024-06-04 18:30:00+00:00,18.0,18.6
2024-06-04 17:00:00+00:00,18.7,19.2
2024-06-04 16:30:00+00:00,18.8,19.3
2024-06-04 15:00:00+00:00,19.2,19.6
2024-06-04 12:00:00+00:00,18.5,19.2
2024-06-04 06:30:00+00:00,15.6,17.0
2024-06-04 03:00:00+00:00,15.6,17.2
2024-06-03 23:30:00+00:00,15.8,17.5
2024-06-03 19:00:00+00:00,16.8,18.3
2024-06-03 17:00:00+00:00,17.8,19.1
2024-06-03 16:00:00+00:00,18.0,19.3
2024-06-03 12:00:00+00:00,17.3,19.1
2024-06-03 11:00:00+00:00,16.8,18.6
2024-06-03 05:30:00+00:00,14.5,16.9
2024-06-02 21:30:00+00:00,15.0,17.5
2024-06-02 20:30:00+00:00,15.2,17.6
2024-06-02 14:30:00+00:00,16.5,19.3
2024-06-01 04:00:00+00:00,14.8,16.8
2024-06-01 02:00:00+00:00,14.9,17.0
2024-05-31 16:30:00+00:00,16.0,18.9
2024-05-31 11:00:00+00:00,16.0,18.3
2024-05-31 06:30:00+00:00,14.9,16.6
2024-05-31 04:30:00+00:00,15.1,16.7
2024-05-31 04:00:00+00:00,15.1,16.7
2024-05-30 13:30:00+00:00,16.7,18.9
2024-05-30 10:00:00+00:00,16.2,17.8
2024-05-30 06:00:00+00:00,15.7,16.4
2024-05-29 21:00:00+00:00,16.1,17.1
2024-05-29 17:30:00+00:00,16.7,18.4
2024-05-29 13:00:00+00:00,16.9,18.7
2024-05-29 06:30:00+00:00,15.5,16.4
2024-05-28 21:30:00+00:00,15.9,17.0
2024-05-28 10:30:00+00:00,16.2,17.8
2024-05-28 09:30:00+00:00,15.9,17.3
2024-05-28 08:00:00+00:00,15.4,16.6
2024-05-28 07:00:00+00:00,15.1,16.3
2024-05-28 03:30:00+00:00,15.1,16.5
2024-05-28 02:00:00+00:00,15.2,16.5
2024-05-27 21:30:00+00:00,15.4,16.9
2024-05-27 18:30:00+00:00,15.9,17.8
2024-05-27 17:30:00+00:00,16.1,18.2
2024-05-27 09:00:00+00:00,16.0,17.0
2024-05-27 07:30:00+00:00,15.8,16.3
2024-05-27 05:30:00+00:00,15.8,16.2
2024-05-27 05:00:00+00:00,15.9,16.2
2024-05-27 03:30:00+00:00,16.0,16.3
2024-05-27 01:30:00+00:00,16.1,16.5
2024-05-27 00:30:00+00:00,16.2,16.6
2024-05-27 00:00:00+00:00,16.2,16.6
2024-05-26 23:30:00+00:00,16.2,16.6
2024-05-26 23:00:00+00:00,16.3,16.7
2024-05-26 21:00:00+00:00,16.3,16.8
2024-05-26 19:00:00+00:00,16.7,17.4
2024-05-26 17:00:00+00:00,17.3,18.2
2024-05-26 11:30:00+00:00,17.6,18.0
2024-05-26 11:00:00+00:00,17.4,17.8
2024-05-26 01:00:00+00:00,15.8,16.4
2024-05-26 00:00:00+00:00,15.9,16.5
2024-05-25 20:30:00+00:00,16.2,16.8
2024-05-25 16:30:00+00:00,18.1,18.2
2024-05-25 13:30:00+00:00,17.9,18.3
2024-05-25 13:00:00+00:00,17.8,18.3
2024-05-25 12:00:00+00:00,17.6,18.1
2024-05-25 11:30:00+00:00,17.3,17.9
2024-05-25 10:00:00+00:00,16.4,17.2
2024-05-25 09:00:00+00:00,15.8,16.8
2024-05-25 08:30:00+00:00,15.3,16.5
2024-05-25 03:30:00+00:00,14.3,16.1
2024-05-25 01:00:00+00:00,14.5,16.3
2024-05-24 23:30:00+00:00,14.6,16.4
2024-05-24 14:30:00+00:00,16.5,18.4
2024-05-24 05:00:00+00:00,14.5,15.9
2024-05-24 03:00:00+00:00,14.6,16.0
2024-05-23 21:30:00+00:00,14.9,16.4
2024-05-23 15:00:00+00:00,16.5,18.3
2024-05-23 07:00:00+00:00,15.0,15.8
2024-05-23 03:30:00+00:00,15.1,15.9
2024-05-23 02:00:00+00:00,15.1,16.0
2024-05-23 00:30:00+00:00,15.2,16.1
2024-05-22 22:30:00+00:00,15.3,16.3
2024-05-22 17:00:00+00:00,16.8,17.7
2024-05-22 13:00:00+00:00,16.9,17.9
2024-05-22 07:30:00+00:00,15.0,15.8
2024-05-22 04:00:00+00:00,15.0,15.8
2024-05-21 23:30:00+00:00,15.2,16.1
2024-05-21 20:30:00+00:00,15.3,16.3
2024-05-21 15:30:00+00:00,16.6,18.0
2024-05-21 13:00:00+00:00,16.8,17.8
2024-05-21 12:00:00+00:00,16.8,17.7
2024-05-21 09:30:00+00:00,15.6,16.6
2024-05-21 08:30:00+00:00,15.2,16.1
2024-05-21 05:00:00+00:00,15.0,15.6
2024-05-21 04:00:00+00:00,15.1,15.7
2024-05-21 00:30:00+00:00,15.3,15.9
2024-05-20 21:00:00+00:00,15.3,16.1
2024-05-20 17:00:00+00:00,16.2,17.5
2024-05-20 09:30:00+00:00,16.1,16.5
2024-05-20 05:00:00+00:00,14.9,15.5
2024-05-19 19:30:00+00:00,15.8,16.4
2024-05-19 10:30:00+00:00,16.3,16.8
2024-05-19 10:00:00+00:00,16.0,16.6
2024-05-19 06:00:00+00:00,14.3,15.2
2024-05-19 03:00:00+00:00,14.4,15.5
2024-05-19 01:30:00+00:00,14.5,15.6
2024-05-18 17:30:00+00:00,16.0,17.1
2024-05-18 17:00:00+00:00,16.2,17.3
2024-05-18 16:00:00+00:00,16.5,17.5
2024-05-18 08:30:00+00:00,14.9,15.7
2024-05-18 00:30:00+00:00,14.3,15.6
2024-05-17 21:30:00+00:00,14.5,15.8
2024-05-17 14:30:00+00:00,16.8,17.6
2024-05-17 07:30:00+00:00,14.1,15.2
2024-05-16 19:30:00+00:00,14.8,16.1
2024-05-16 16:30:00+00:00,15.8,17.2
2024-05-16 12:00:00+00:00,15.7,17.1
2024-05-16 11:00:00+00:00,15.5,16.7
2024-05-16 06:30:00+00:00,14.3,14.9
2024-05-16 04:00:00+00:00,14.4,15.1
2024-05-16 02:30:00+00:00,14.6,15.2
2024-05-15 17:30:00+00:00,16.0,16.8
2024-05-15 16:00:00+00:00,16.2,17.2
2024-05-15 08:30:00+00:00,15.4,15.4
2024-05-15 02:30:00+00:00,15.5,15.1
2024-05-15 02:00:00+00:00,15.6,15.1
2024-05-15 01:00:00+00:00,15.6,15.2
2024-05-15 00:00:00+00:00,15.7,15.3
2024-05-14 21:30:00+00:00,15.8,15.4
2024-05-14 21:00:00+00:00,15.7,15.4
2024-05-14 15:00:00+00:00,16.1,17.3
2024-05-14 04:30:00+00:00,17.1,14.8
2024-05-13 18:00:00+00:00,18.2,16.4
2024-05-13 17:30:00+00:00,18.2,16.6
2024-05-13 16:30:00+00:00,18.4,16.8
2024-05-13 13:00:00+00:00,18.3,16.9
2024-05-13 11:30:00+00:00,18.0,16.6
2024-05-13 03:30:00+00:00,17.5,14.8
2024-05-13 03:00:00+00:00,17.5,14.8
2024-05-13 02:00:00+00:00,17.6,14.9
2024-05-12 22:00:00+00:00,17.7,15.2
2024-05-12 17:30:00+00:00,17.5,16.4
2024-05-12 06:30:00+00:00,17.4,14.4
2024-05-12 05:00:00+00:00,17.6,14.5
2024-05-12 00:00:00+00:00,18.0,14.9
2024-05-11 18:30:00+00:00,19.3,15.9
2024-05-11 11:00:00+00:00,19.0,16.1
2024-05-11 08:00:00+00:00,16.7,14.7
2024-05-11 06:00:00+00:00,16.0,14.3
2024-05-10 22:30:00+00:00,16.6,14.9
2024-05-10 17:00:00+00:00,18.5,16.3
2024-05-10 16:00:00+00:00,18.8,16.6
2024-05-10 15:30:00+00:00,19.0,16.7
2024-05-10 13:30:00+00:00,18.6,16.6
2024-05-10 13:00:00+00:00,18.5,16.5
2024-05-10 12:30:00+00:00,18.3,16.5
2024-05-09 22:00:00+00:00,14.8,14.8
2024-05-09 20:30:00+00:00,15.0,14.9
2024-05-09 14:30:00+00:00,17.1,16.6
2024-05-09 09:30:00+00:00,14.4,15.2
2024-05-09 08:30:00+00:00,13.7,14.7
2024-05-09 08:00:00+00:00,13.4,14.4
2024-05-09 06:30:00+00:00,13.0,14.1
2024-05-09 02:30:00+00:00,13.3,14.4
2024-05-08 20:00:00+00:00,14.0,14.9
2024-05-08 16:00:00+00:00,15.2,16.3
2024-05-08 15:00:00+00:00,15.4,16.6
2024-05-08 11:00:00+00:00,14.5,15.7
2024-05-08 03:30:00+00:00,13.1,14.2
2024-05-07 22:30:00+00:00,13.4,14.6
2024-05-07 17:00:00+00:00,14.5,15.9
2024-05-07 15:30:00+00:00,14.6,16.3
2024-05-07 12:00:00+00:00,14.5,16.0
2024-05-07 00:30:00+00:00,13.0,14.3
2024-05-06 23:00:00+00:00,13.0,14.4
2024-05-06 20:00:00+00:00,13.0,14.7
2024-05-06 14:30:00+00:00,14.1,16.3
2024-05-06 10:30:00+00:00,13.4,15.2
2024-05-06 07:00:00+00:00,12.9,13.8
2024-05-06 04:30:00+00:00,13.3,13.9
2024-05-05 21:00:00+00:00,13.5,14.3
2024-05-05 08:30:00+00:00,13.2,14.1
2024-05-05 02:00:00+00:00,12.4,13.9
2024-05-04 21:00:00+00:00,12.5,14.2
2024-05-04 14:30:00+00:00,13.7,16.0
2024-05-04 08:30:00+00:00,11.9,14.0
2024-05-03 18:00:00+00:00,12.8,15.2
2024-05-03 17:00:00+00:00,13.1,15.4
2024-05-03 16:30:00+00:00,13.2,15.6
2024-05-03 14:30:00+00:00,13.6,15.9
2024-05-03 10:30:00+00:00,12.8,14.9
2024-05-03 09:30:00+00:00,12.5,14.4
2024-05-03 09:00:00+00:00,12.4,14.2
2024-05-03 06:00:00+00:00,11.3,13.3
2024-05-03 04:00:00+00:00,11.5,13.5
2024-05-02 19:30:00+00:00,12.0,14.4
2024-05-02 18:30:00+00:00,12.1,14.8
2024-05-02 14:00:00+00:00,12.4,15.7
2024-05-02 09:30:00+00:00,12.1,14.3
2024-05-02 04:00:00+00:00,12.8,13.4
2024-05-01 20:30:00+00:00,13.1,13.9
2024-05-01 20:00:00+00:00,13.1,14.1
2024-05-01 16:30:00+00:00,13.5,15.3
2024-05-01 13:00:00+00:00,13.7,15.4
2024-05-01 11:30:00+00:00,13.6,15.1
2024-05-01 07:30:00+00:00,12.9,13.2
2024-05-01 07:00:00+00:00,12.9,13.1
2024-04-30 20:30:00+00:00,13.4,13.8
2024-04-30 15:00:00+00:00,14.6,15.6
2024-04-30 03:00:00+00:00,12.2,13.2
2024-04-30 00:00:00+00:00,12.2,13.4
2024-04-29 23:30:00+00:00,12.3,13.5
2024-04-29 22:30:00+00:00,12.3,13.6
2024-04-29 17:30:00+00:00,13.0,14.8
2024-04-29 15:00:00+00:00,13.6,15.5
2024-04-29 11:00:00+00:00,12.7,14.6
2024-04-29 06:00:00+00:00,10.8,12.8
2024-04-29 01:00:00+00:00,11.2,13.2
2024-04-28 22:30:00+00:00,11.4,13.4
2024-04-28 21:00:00+00:00,11.3,13.5
2024-04-28 19:00:00+00:00,11.5,14.0
2024-04-28 16:30:00+00:00,12.3,14.9
2024-04-28 13:30:00+00:00,12.3,15.1
2024-04-28 11:00:00+00:00,11.7,14.4
2024-04-28 07:30:00+00:00,10.8,12.8
2024-04-28 03:00:00+00:00,11.1,13.0
2024-04-28 00:00:00+00:00,11.2,13.2
2024-04-27 23:00:00+00:00,11.2,13.3
2024-04-27 21:30:00+00:00,11.3,13.3
2024-04-27 19:30:00+00:00,11.4,13.7
2024-04-27 16:30:00+00:00,12.2,14.8
2024-04-27 16:00:00+00:00,12.3,14.9
2024-04-27 10:30:00+00:00,11.5,14.1
2024-04-27 09:30:00+00:00,11.1,13.6
2024-04-27 04:30:00+00:00,9.8,12.7
2024-04-27 03:30:00+00:00,9.8,12.8
2024-04-27 01:00:00+00:00,9.8,13.0
2024-04-27 00:00:00+00:00,9.8,13.1
2024-04-26 17:00:00+00:00,11.2,14.5
2024-04-26 13:30:00+00:00,11.4,14.8
2024-04-26 04:30:00+00:00,8.7,12.6
2024-04-26 02:30:00+00:00,8.7,12.8
2024-04-26 02:00:00+00:00,8.7,12.8
2024-04-26 01:00:00+00:00,8.8,12.9
2024-04-25 22:30:00+00:00,8.9,13.0
2024-04-25 19:30:00+00:00,9.4,13.4
2024-04-25 18:00:00+00:00,10.1,14.1
2024-04-25 17:30:00+00:00,10.3,14.2
2024-04-25 12:30:00+00:00,10.5,14.6
2024-04-25 05:30:00+00:00,7.5,12.3
2024-04-25 05:00:00+00:00,7.5,12.4
2024-04-25 04:00:00+00:00,7.6,12.5
2024-04-24 17:00:00+00:00,9.4,14.3
2024-04-23 22:00:00+00:00,7.8,12.8
2024-04-23 20:30:00+00:00,8.0,12.9
2024-04-23 19:00:00+00:00,8.7,13.4
2024-04-23 16:30:00+00:00,10.0,14.3
2024-04-23 08:30:00+00:00,7.9,12.5
2024-04-23 02:00:00+00:00,7.4,12.4
2024-04-22 15:30:00+00:00,10.0,14.4
2024-04-22 09:30:00+00:00,9.0,12.9
2024-04-22 00:00:00+00:00,8.2,12.4
2024-04-21 22:30:00+00:00,8.3,12.5
2024-04-21 18:30:00+00:00,9.4,13.3
2024-04-21 18:00:00+00:00,9.7,13.6
2024-04-21 11:30:00+00:00,10.1,13.7
2024-04-21 09:30:00+00:00,9.4,12.8
2024-04-21 07:30:00+00:00,8.4,11.9
2024-04-21 03:30:00+00:00,8.6,12.0
2024-04-21 01:00:00+00:00,8.8,12.2
2024-04-20 19:00:00+00:00,9.9,13.0
2024-04-20 12:00:00+00:00,11.2,13.8
2024-04-20 10:30:00+00:00,10.7,13.1
2024-04-20 08:00:00+00:00,9.6,11.9
2024-04-20 02:00:00+00:00,9.4,12.0
2024-04-19 09:30:00+00:00,10.7,12.5
2024-04-19 09:00:00+00:00,10.4,12.3
2024-04-19 08:00:00+00:00,9.6,11.8
2024-04-19 03:00:00+00:00,8.8,11.8
2024-04-18 18:30:00+00:00,10.8,12.9
2024-04-18 17:30:00+00:00,11.4,13.3
2024-04-18 14:30:00+00:00,11.9,13.9
2024-04-18 10:30:00+00:00,10.7,12.9
2024-04-18 05:00:00+00:00,9.5,11.5
2024-04-17 14:30:00+00:00,12.1,13.8
2024-04-17 02:00:00+00:00,11.4,11.6
2024-04-16 20:00:00+00:00,12.0,12.1
2024-04-16 18:00:00+00:00,12.5,12.9
2024-04-16 15:00:00+00:00,13.2,13.8
2024-04-16 13:30:00+00:00,13.2,13.5
2024-04-16 13:00:00+00:00,13.2,13.5
2024-04-16 12:30:00+00:00,13.2,13.4
2024-04-16 10:00:00+00:00,12.8,12.3
2024-04-16 09:30:00+00:00,12.7,12.1
2024-04-16 09:00:00+00:00,12.7,11.9
2024-04-16 01:30:00+00:00,13.7,11.5
2024-04-16 00:30:00+00:00,13.8,11.6
2024-04-16 00:00:00+00:00,13.8,11.6
2024-04-15 22:00:00+00:00,13.9,11.8
2024-04-15 21:30:00+00:00,13.9,11.8
2024-04-15 20:30:00+00:00,13.8,11.9
2024-04-15 17:30:00+00:00,14.1,12.9
2024-04-15 14:30:00+00:00,14.8,13.6
2024-04-15 12:00:00+00:00,15.2,13.2
2024-04-15 11:30:00+00:00,15.1,12.9
2024-04-15 07:30:00+00:00,14.7,11.1
2024-04-15 04:30:00+00:00,15.5,11.2
2024-04-15 03:30:00+00:00,15.7,11.3
2024-04-14 16:30:00+00:00,17.7,13.1
2024-04-14 07:30:00+00:00,15.1,10.9
2024-04-14 05:00:00+00:00,15.5,11.0
2024-04-13 22:00:00+00:00,16.3,11.5
2024-04-13 20:30:00+00:00,16.4,11.6
2024-04-13 20:00:00+00:00,16.6,11.7
2024-04-13 17:30:00+00:00,18.4,12.6
2024-04-13 03:00:00+00:00,14.1,11.1
2024-04-13 02:30:00+00:00,14.2,11.1
2024-04-12 21:00:00+00:00,14.6,11.4
2024-04-12 17:00:00+00:00,17.3,12.6
2024-04-12 09:30:00+00:00,14.7,11.6
2024-04-12 08:30:00+00:00,13.6,11.1
2024-04-12 04:30:00+00:00,12.2,10.8
2024-04-12 00:30:00+00:00,12.5,11.1
2024-04-11 16:00:00+00:00,15.3,12.8
2024-04-11 13:00:00+00:00,15.0,12.8
2024-04-11 07:30:00+00:00,11.9,10.6
2024-04-11 02:00:00+00:00,11.6,10.9
2024-04-11 01:30:00+00:00,11.6,10.9
2024-04-10 09:00:00+00:00,12.4,11.1
2024-04-10 08:30:00+00:00,12.1,10.8
2024-04-10 02:30:00+00:00,12.0,10.7
2024-04-09 22:00:00+00:00,12.3,11.0
2024-04-09 20:30:00+00:00,12.3,11.1
2024-04-09 18:00:00+00:00,12.4,11.9
2024-04-09 15:00:00+00:00,13.1,12.9
2024-04-09 13:30:00+00:00,13.2,12.6
2024-04-09 12:00:00+00:00,13.3,12.4
2024-04-09 01:00:00+00:00,15.1,10.7
2024-04-08 22:30:00+00:00,15.4,10.9
2024-04-08 20:00:00+00:00,15.5,11.1
2024-04-08 19:00:00+00:00,15.7,11.4
2024-04-08 15:30:00+00:00,17.1,12.6
2024-04-08 13:00:00+00:00,17.1,12.4
2024-04-08 12:30:00+00:00,17.0,12.3
2024-04-08 04:30:00+00:00,15.1,10.3
2024-04-08 02:00:00+00:00,15.3,10.5
2024-04-08 01:30:00+00:00,15.3,10.5
2024-04-07 16:00:00+00:00,15.9,12.3
2024-04-07 01:30:00+00:00,16.0,10.4
2024-04-06 23:30:00+00:00,16.2,10.5
2024-04-06 22:30:00+00:00,16.2,10.6
2024-04-06 18:30:00+00:00,16.3,11.3
2024-04-06 10:30:00+00:00,16.4,11.3
2024-04-06 08:30:00+00:00,15.0,10.3
2024-04-06 04:30:00+00:00,14.6,10.1
2024-04-06 01:30:00+00:00,14.6,10.3
2024-04-05 23:30:00+00:00,14.7,10.4
2024-04-05 13:00:00+00:00,15.8,12.0
2024-04-05 05:30:00+00:00,13.2,9.8
2024-04-05 05:00:00+00:00,13.2,9.8
2024-04-04 00:30:00+00:00,12.0,10.1
2024-04-03 18:00:00+00:00,12.7,11.2
2024-04-03 14:30:00+00:00,13.4,12.0
2024-04-03 12:30:00+00:00,12.8,11.7
2024-04-03 02:30:00+00:00,10.9,9.9
2024-04-02 15:00:00+00:00,12.5,12.0
2024-04-02 14:00:00+00:00,12.4,11.8
2024-04-02 08:30:00+00:00,10.4,9.8
2024-04-02 07:30:00+00:00,10.0,9.4
2024-04-01 17:00:00+00:00,11.2,11.3
2024-04-01 13:30:00+00:00,11.8,11.6
2024-04-01 12:30:00+00:00,11.8,11.5
2024-04-01 11:30:00+00:00,11.6,11.1
2024-04-01 11:00:00+00:00,11.3,10.9
2024-04-01 08:00:00+00:00,10.1,9.5
2024-04-01 06:00:00+00:00,9.9,9.2
2024-04-01 05:30:00+00:00,10.0,9.3
2024-04-01 02:00:00+00:00,10.3,9.7
2024-03-31 18:30:00+00:00,10.9,10.6
2024-03-31 18:00:00+00:00,11.1,10.8
2024-03-31 17:30:00+00:00,11.3,11.0
2024-03-31 16:30:00+00:00,11.5,11.3
2024-03-31 13:00:00+00:00,11.9,11.4
2024-03-31 03:30:00+00:00,10.3,9.5
2024-03-30 21:30:00+00:00,10.4,9.8
2024-03-30 19:30:00+00:00,10.5,10.1
2024-03-30 18:00:00+00:00,11.0,10.7
2024-03-30 15:00:00+00:00,11.7,11.7
2024-03-30 12:00:00+00:00,11.1,11.2
2024-03-30 03:00:00+00:00,10.4,9.4
2024-03-30 01:30:00+00:00,10.5,9.5
2024-03-29 19:00:00+00:00,10.9,10.2
2024-03-29 12:00:00+00:00,12.2,11.0
2024-03-29 09:00:00+00:00,10.8,9.6
2024-03-29 06:00:00+00:00,9.7,8.9
2024-03-29 00:30:00+00:00,9.6,9.4
2024-03-28 21:30:00+00:00,9.7,9.6
2024-03-28 18:30:00+00:00,10.4,10.2
2024-03-28 16:30:00+00:00,11.2,10.9
2024-03-28 14:30:00+00:00,11.4,11.3
2024-03-28 14:00:00+00:00,11.3,11.3
2024-03-28 12:00:00+00:00,10.8,10.9
2024-03-28 11:30:00+00:00,10.6,10.7
2024-03-28 09:30:00+00:00,9.5,9.7
2024-03-28 06:30:00+00:00,8.5,8.8
2024-03-27 21:00:00+00:00,8.9,9.5
2024-03-27 19:00:00+00:00,9.5,9.9
2024-03-27 18:30:00+00:00,9.6,10.1
2024-03-27 12:00:00+00:00,10.2,10.8
2024-03-27 08:00:00+00:00,8.6,8.9
2024-03-27 07:00:00+00:00,8.4,8.7
2024-03-26 20:30:00+00:00,9.2,9.5
2024-03-26 09:30:00+00:00,10.0,9.4
2024-03-26 06:00:00+00:00,9.4,8.5
2024-03-26 03:00:00+00:00,9.5,9.0
2024-03-26 00:00:00+00:00,9.6,9.1
2024-03-25 23:30:00+00:00,9.7,9.2
2024-03-25 17:00:00+00:00,11.4,10.4
2024-03-25 14:00:00+00:00,11.8,10.9
2024-03-25 11:30:00+00:00,11.2,10.3
2024-03-25 10:30:00+00:00,10.6,9.8
2024-03-24 18:00:00+00:00,10.9,10.0
2024-03-24 14:30:00+00:00,11.8,10.9
2024-03-24 13:00:00+00:00,11.6,10.6
2024-03-24 11:00:00+00:00,11.1,10.0
2024-03-24 10:00:00+00:00,10.8,9.4
2024-03-23 20:00:00+00:00,11.0,9.2
2024-03-23 18:00:00+00:00,11.1,9.9
2024-03-23 13:30:00+00:00,12.1,10.6
2024-03-23 08:30:00+00:00,11.7,8.6
2024-03-23 03:00:00+00:00,12.8,8.7
2024-03-23 02:30:00+00:00,12.9,8.7
2024-03-23 02:00:00+00:00,12.9,8.7
2024-03-22 20:30:00+00:00,13.2,9.0
2024-03-22 15:30:00+00:00,15.4,10.6
2024-03-22 14:30:00+00:00,15.5,10.7
2024-03-22 13:30:00+00:00,15.3,10.5
2024-03-22 12:00:00+00:00,14.9,10.3
2024-03-22 09:30:00+00:00,13.5,9.0
2024-03-22 09:00:00+00:00,13.3,8.8
2024-03-22 07:30:00+00:00,12.7,8.2
2024-03-22 03:30:00+00:00,13.2,8.5
2024-03-21 23:30:00+00:00,13.5,8.8
2024-03-21 18:00:00+00:00,14.5,9.6
2024-03-21 17:30:00+00:00,14.6,9.8
2024-03-21 12:00:00+00:00,14.9,10.2
2024-03-20 19:30:00+00:00,13.6,9.0
2024-03-20 12:30:00+00:00,14.9,10.1
2024-03-20 11:30:00+00:00,14.5,9.8
2024-03-20 10:30:00+00:00,13.7,9.3
2024-03-20 00:30:00+00:00,12.3,8.5
2024-03-19 21:30:00+00:00,12.5,8.7
2024-03-19 21:00:00+00:00,12.5,8.7
2024-03-19 16:00:00+00:00,14.3,10.2
2024-03-19 14:00:00+00:00,14.6,10.3
2024-03-19 13:00:00+00:00,14.3,10.1
2024-03-18 17:00:00+00:00,13.4,9.7
2024-03-18 11:00:00+00:00,13.2,9.3
2024-03-18 10:00:00+00:00,12.8,8.8
2024-03-17 19:30:00+00:00,12.8,8.8
2024-03-17 18:00:00+00:00,13.0,9.2
2024-03-17 16:30:00+00:00,13.2,9.8
2024-03-17 16:00:00+00:00,13.3,10.0
2024-03-17 15:30:00+00:00,13.4,10.1
2024-03-17 13:30:00+00:00,13.3,10.0
2024-03-17 11:30:00+00:00,12.8,9.5
2024-03-17 10:30:00+00:00,12.4,9.0
2024-03-17 08:00:00+00:00,11.7,7.9
2024-03-16 14:30:00+00:00,13.2,10.1
2024-03-16 12:30:00+00:00,12.9,9.7
2024-03-16 11:30:00+00:00,12.6,9.4
2024-03-16 10:30:00+00:00,12.2,8.9
2024-03-16 05:00:00+00:00,11.9,7.8
2024-03-15 21:00:00+00:00,12.1,8.3
2024-03-15 18:00:00+00:00,12.1,9.0
2024-03-15 13:30:00+00:00,13.0,9.8
2024-03-15 08:30:00+00:00,11.4,7.9
2024-03-15 05:00:00+00:00,11.4,7.7
2024-03-14 06:30:00+00:00,9.4,7.5
2024-03-14 05:00:00+00:00,9.6,7.6
2024-03-14 02:00:00+00:00,9.9,7.9
2024-03-13 14:30:00+00:00,12.0,9.8
2024-03-13 06:30:00+00:00,9.2,7.4
2024-03-13 04:30:00+00:00,9.3,7.6
2024-03-13 00:00:00+00:00,9.4,7.9
2024-03-12 22:00:00+00:00,9.5,8.0
2024-03-12 09:30:00+00:00,9.0,8.0
2024-03-12 00:30:00+00:00,8.4,7.8
2024-03-11 19:00:00+00:00,8.5,8.3
2024-03-11 16:30:00+00:00,9.2,9.2
2024-03-11 10:00:00+00:00,8.6,8.1
2024-03-11 06:00:00+00:00,7.7,7.2
2024-03-11 05:00:00+00:00,7.8,7.4
2024-03-11 00:30:00+00:00,8.1,7.7
2024-03-10 20:30:00+00:00,8.2,7.9
2024-03-10 17:00:00+00:00,9.0,8.9
2024-03-10 06:00:00+00:00,7.9,7.2
2024-03-10 03:30:00+00:00,8.2,7.5
2024-03-10 02:30:00+00:00,8.3,7.6
2024-03-09 18:30:00+00:00,8.5,8.3
2024-03-09 18:00:00+00:00,8.6,8.5
2024-03-09 16:00:00+00:00,9.4,9.2
2024-03-09 15:00:00+00:00,9.7,9.6
2024-03-09 14:00:00+00:00,9.8,9.4
2024-03-09 10:30:00+00:00,9.2,8.2
2024-03-09 07:00:00+00:00,8.0,7.1
2024-03-09 01:30:00+00:00,8.1,7.5
2024-03-08 17:00:00+00:00,9.1,8.8
2024-03-08 11:00:00+00:00,8.7,8.4
2024-03-07 19:30:00+00:00,8.3,7.9
2024-03-07 13:30:00+00:00,9.9,9.1
2024-03-07 12:30:00+00:00,9.5,8.9
2024-03-07 12:00:00+00:00,9.4,8.9
2024-03-07 05:00:00+00:00,6.4,7.1
2024-02-15 07:30:00+00:00,10.0,5.8
2024-02-14 19:30:00+00:00,10.6,6.4
2024-02-14 15:30:00+00:00,12.3,7.6
2024-02-14 13:00:00+00:00,11.8,7.5
2024-02-14 12:00:00+00:00,11.5,7.3
2024-02-14 06:30:00+00:00,8.5,5.7
2024-02-13 22:00:00+00:00,8.5,6.2
2024-02-13 14:00:00+00:00,10.2,7.6
2024-02-13 10:30:00+00:00,8.6,6.5
2024-02-13 07:00:00+00:00,7.3,5.7
2024-02-12 23:30:00+00:00,7.9,6.1
2024-02-12 21:30:00+00:00,8.0,6.1
2024-02-12 17:30:00+00:00,8.8,6.8
2024-02-11 23:00:00+00:00,8.9,6.1
2024-02-11 21:30:00+00:00,9.0,6.1
2024-02-11 17:00:00+00:00,9.5,6.9
2024-02-11 12:00:00+00:00,9.9,7.1
2024-02-11 07:30:00+00:00,9.2,5.6
2024-02-10 22:30:00+00:00,9.6,6.0
2024-02-10 18:00:00+00:00,9.2,6.4
2024-02-10 16:00:00+00:00,9.6,7.2
2024-02-10 13:00:00+00:00,10.0,7.2
2024-02-10 09:30:00+00:00,9.8,5.8
2024-02-09 14:00:00+00:00,11.2,7.3
2024-02-09 12:00:00+00:00,11.2,7.0
2024-02-09 11:00:00+00:00,11.0,6.5
2024-02-09 08:00:00+00:00,10.7,5.5
2024-02-09 01:30:00+00:00,10.7,5.8
2024-02-08 17:00:00+00:00,10.8,6.7
2024-02-08 12:00:00+00:00,11.2,6.9
2024-02-07 05:00:00+00:00,8.5,5.5
2024-02-07 04:30:00+00:00,8.5,5.6
2024-02-07 01:30:00+00:00,8.5,5.7
2024-02-07 01:00:00+00:00,8.5,5.7
2024-02-06 10:00:00+00:00,8.4,5.8
2024-02-06 06:30:00+00:00,7.8,5.3
2024-02-06 01:30:00+00:00,7.9,5.7
2024-02-05 17:30:00+00:00,8.1,6.3
2024-02-05 14:00:00+00:00,8.8,7.1
2024-02-05 10:30:00+00:00,8.2,6.0
2024-02-05 10:00:00+00:00,8.1,5.8
2024-02-04 22:30:00+00:00,8.4,5.7
2024-02-04 18:30:00+00:00,8.6,6.0
2024-02-04 17:00:00+00:00,8.9,6.4
2024-02-04 15:00:00+00:00,9.4,7.1
2024-02-04 08:00:00+00:00,8.2,5.2
2024-02-03 22:30:00+00:00,8.5,5.6
2024-02-03 21:30:00+00:00,8.5,5.6
2024-02-03 15:30:00+00:00,9.5,6.9
2024-02-03 12:00:00+00:00,9.3,6.6
2024-02-02 23:30:00+00:00,8.4,5.6
2024-02-02 14:30:00+00:00,9.6,6.9
2024-02-02 12:30:00+00:00,9.3,6.6
2024-02-02 04:30:00+00:00,8.5,5.3
2024-02-02 02:00:00+00:00,8.6,5.4
2024-02-02 00:00:00+00:00,8.7,5.5
2024-02-01 22:00:00+00:00,8.8,5.5
2024-02-01 21:00:00+00:00,8.8,5.5
2024-02-01 18:30:00+00:00,9.0,5.8
2024-02-01 18:00:00+00:00,9.0,5.9
2024-02-01 16:00:00+00:00,9.5,6.6
2024-02-01 01:00:00+00:00,8.4,5.4
2024-02-01 00:00:00+00:00,8.4,5.4
2024-01-31 22:30:00+00:00,8.5,5.5
2024-01-31 18:30:00+00:00,8.6,5.7
2024-01-31 17:30:00+00:00,8.9,6.0
2024-01-31 15:00:00+00:00,10.1,6.9
2024-01-31 14:30:00+00:00,10.0,6.8
2024-01-31 09:30:00+00:00,7.9,5.3
2024-01-31 02:00:00+00:00,8.3,5.3
2024-01-31 00:30:00+00:00,8.4,5.4
2024-01-30 16:30:00+00:00,9.5,6.3
2024-01-30 16:00:00+00:00,9.8,6.5
2024-01-30 11:30:00+00:00,9.7,6.1
2024-01-30 08:30:00+00:00,8.4,5.0
2024-01-30 07:00:00+00:00,8.3,5.0
2024-01-30 04:00:00+00:00,8.5,5.2
2024-01-30 00:00:00+00:00,8.6,5.3
2024-01-29 23:00:00+00:00,8.7,5.4
2024-01-29 22:30:00+00:00,8.7,5.4
2024-01-29 21:00:00+00:00,8.7,5.4
2024-01-29 11:30:00+00:00,9.8,6.1
2024-01-29 08:00:00+00:00,7.6,4.9
2024-01-29 03:30:00+00:00,7.4,5.2
2024-01-28 21:00:00+00:00,7.7,5.3
2024-01-28 07:30:00+00:00,6.6,4.9
2024-01-28 07:00:00+00:00,6.6,4.9
2024-01-28 05:00:00+00:00,6.9,5.0
2024-01-27 11:00:00+00:00,7.8,5.7
2024-01-26 23:30:00+00:00,9.4,5.2
2024-01-26 19:00:00+00:00,9.0,5.4
2024-01-26 14:30:00+00:00,10.1,6.5
2024-01-26 13:30:00+00:00,10.2,6.4
2024-01-26 12:00:00+00:00,10.3,6.2
2024-01-26 09:00:00+00:00,9.6,4.8
2024-01-26 07:30:00+00:00,9.9,4.8
2024-01-25 22:30:00+00:00,10.5,5.2
2024-01-25 21:30:00+00:00,10.4,5.2
2024-01-25 14:00:00+00:00,10.5,6.4
2024-01-25 06:00:00+00:00,9.7,4.8
2024-01-25 05:30:00+00:00,9.9,4.9
2024-01-25 05:00:00+00:00,10.0,4.9
2024-01-24 23:30:00+00:00,10.2,5.1
2024-01-24 15:00:00+00:00,10.5,6.5
2024-01-24 13:00:00+00:00,10.1,6.2
2024-01-24 10:00:00+00:00,9.1,5.1
2024-01-23 16:30:00+00:00,8.3,5.9
2024-01-23 09:30:00+00:00,6.8,4.9
2024-01-23 05:00:00+00:00,6.6,4.8
2024-01-22 17:30:00+00:00,6.7,5.5
2024-01-22 15:00:00+00:00,7.4,6.4
2024-01-22 14:00:00+00:00,7.2,6.2
2024-01-22 13:30:00+00:00,7.1,6.1
2024-01-21 22:30:00+00:00,3.7,5.0
2024-01-21 22:00:00+00:00,3.8,5.0
2024-01-21 13:30:00+00:00,5.0,6.1
2024-01-21 12:30:00+00:00,4.7,6.0
2024-01-21 06:00:00+00:00,1.0,4.7
2024-01-21 00:30:00+00:00,0.8,4.9
2024-01-21 00:00:00+00:00,0.8,4.9
2024-01-20 16:30:00+00:00,2.2,5.7
2024-01-20 15:00:00+00:00,3.1,6.2
2024-01-20 11:30:00+00:00,1.8,5.6
2024-01-20 10:30:00+00:00,1.2,5.2
2024-01-20 06:00:00+00:00,1.2,4.6
2024-01-20 03:30:00+00:00,1.7,4.8
2024-01-19 23:30:00+00:00,2.0,4.9
2024-01-19 21:00:00+00:00,2.0,4.9
2024-01-19 18:00:00+00:00,2.0,5.2
2024-01-19 17:00:00+00:00,2.4,5.5
2024-01-19 10:00:00+00:00,2.2,4.9
2024-01-18 17:00:00+00:00,3.9,5.5
2024-01-18 12:30:00+00:00,4.8,5.8
2024-01-18 01:30:00+00:00,4.8,4.8
2024-01-18 01:00:00+00:00,4.8,4.8
2024-01-17 18:00:00+00:00,5.1,5.1
2024-01-17 14:00:00+00:00,5.7,6.0
2024-01-17 13:00:00+00:00,5.5,5.9
2024-01-17 04:30:00+00:00,2.6,4.7
2024-01-17 02:30:00+00:00,2.4,4.7
2024-01-16 23:30:00+00:00,2.3,4.8
2024-01-16 19:00:00+00:00,2.2,5.0
2024-01-16 12:00:00+00:00,3.1,5.7
2024-01-16 07:30:00+00:00,1.2,4.4
2024-01-16 07:00:00+00:00,1.3,4.5
2024-01-16 04:00:00+00:00,1.7,4.6
2024-01-16 02:00:00+00:00,1.8,4.7
2024-01-16 01:30:00+00:00,1.9,4.7
2024-01-16 01:00:00+00:00,1.9,4.7
2024-01-15 22:30:00+00:00,2.0,4.8
2024-01-15 18:00:00+00:00,2.8,5.0
2024-01-15 17:30:00+00:00,3.1,5.2
2024-01-15 13:30:00+00:00,4.0,5.8
2024-01-15 10:30:00+00:00,3.0,5.0
2024-01-15 05:30:00+00:00,1.2,4.5
2024-01-14 19:30:00+00:00,1.4,4.8
2024-01-14 13:30:00+00:00,2.1,5.8
2024-01-14 12:30:00+00:00,1.8,5.7
2024-01-14 08:30:00+00:00,0.3,4.4
2024-01-14 08:00:00+00:00,0.3,4.4
2024-01-14 06:00:00+00:00,0.1,4.4
2024-01-13 22:00:00+00:00,0.4,4.7
2024-01-13 17:00:00+00:00,1.5,5.3
2024-01-13 16:00:00+00:00,1.9,5.6
2024-01-13 04:00:00+00:00,0.9,4.6
2024-01-13 01:30:00+00:00,1.0,4.6
2024-01-12 20:30:00+00:00,1.2,4.7
2024-01-12 17:00:00+00:00,2.6,5.3
2024-01-12 08:00:00+00:00,1.3,4.3
2024-01-12 06:00:00+00:00,0.9,4.4
2024-01-12 05:30:00+00:00,0.9,4.5
2024-01-12 02:00:00+00:00,1.0,4.6
2024-01-11 17:00:00+00:00,3.0,5.3
2024-01-11 14:00:00+00:00,3.5,5.8
2024-01-11 12:30:00+00:00,3.1,5.6
2024-01-10 12:30:00+00:00,2.5,5.6
2024-01-10 09:30:00+00:00,1.6,4.5
2024-01-09 19:00:00+00:00,1.7,4.8
2024-01-09 10:30:00+00:00,2.3,4.9
2024-01-09 00:30:00+00:00,2.5,4.6
2024-01-08 23:00:00+00:00,2.5,4.6
2024-01-08 05:30:00+00:00,4.5,4.4
2024-01-08 03:00:00+00:00,4.8,4.5
2024-01-08 00:30:00+00:00,5.0,4.6
2024-01-07 19:30:00+00:00,5.4,4.7
2024-01-07 13:30:00+00:00,6.3,5.6
2024-01-07 11:00:00+00:00,6.2,5.0
2024-01-07 10:00:00+00:00,6.2,4.6
2024-01-07 09:30:00+00:00,6.1,4.5
2024-01-07 07:00:00+00:00,6.2,4.3
2024-01-07 04:30:00+00:00,6.4,4.4
2024-01-07 01:30:00+00:00,6.6,4.5
2024-01-06 14:00:00+00:00,7.9,5.7
2024-01-06 13:30:00+00:00,7.9,5.6
2024-01-06 09:00:00+00:00,7.4,4.3
2024-01-05 21:00:00+00:00,7.9,4.6
2024-01-05 20:30:00+00:00,7.9,4.6
2024-01-05 18:00:00+00:00,7.9,4.8
2024-01-05 13:30:00+00:00,8.8,5.6
2024-01-05 12:30:00+00:00,8.9,5.5
2024-01-05 09:00:00+00:00,8.3,4.3
2024-01-05 03:30:00+00:00,9.4,4.5
2024-01-05 00:30:00+00:00,9.5,4.6
2024-01-05 00:00:00+00:00,9.5,4.6
2024-01-04 21:00:00+00:00,9.6,4.6
2024-01-04 15:00:00+00:00,10.4,5.8
2024-01-04 12:30:00+00:00,10.3,5.5
2024-01-04 08:00:00+00:00,9.2,4.3
2024-01-04 05:30:00+00:00,9.6,4.4
2024-01-04 03:30:00+00:00,9.8,4.5
2024-01-04 01:30:00+00:00,9.8,4.5
2024-01-03 22:00:00+00:00,9.9,4.6
2024-01-03 21:00:00+00:00,9.9,4.6
2024-01-03 10:30:00+00:00,10.0,4.8
2024-01-03 08:30:00+00:00,9.5,4.3
2024-01-03 05:00:00+00:00,9.5,4.4
2024-01-02 22:30:00+00:00,9.5,4.6
2024-01-02 16:00:00+00:00,10.0,5.5
2024-01-02 11:00:00+00:00,9.5,5.0
2024-01-02 10:30:00+00:00,9.3,4.8
2024-01-02 02:30:00+00:00,8.5,4.5
2024-01-02 01:30:00+00:00,8.5,4.5
2024-01-01 22:00:00+00:00,8.5,4.6
2024-01-01 17:00:00+00:00,8.9,5.1
2024-01-01 14:00:00+00:00,9.4,5.6
2024-01-01 03:00:00+00:00,8.5,4.5
2024-03-06 19:00:00+00:00,7.7,7.9
2024-03-06 18:00:00+00:00,8.1,8.2
2024-03-06 14:00:00+00:00,9.1,9.1
2024-03-06 12:30:00+00:00,8.9,8.9
2024-03-06 09:30:00+00:00,7.3,7.5
2024-03-06 05:30:00+00:00,6.6,7.0
2024-03-06 03:00:00+00:00,6.8,7.2
2024-03-05 22:30:00+00:00,7.0,7.5
2024-03-05 19:30:00+00:00,7.2,7.7
2024-03-05 15:30:00+00:00,8.7,9.1
2024-03-05 02:30:00+00:00,7.1,7.2
2024-03-04 17:00:00+00:00,8.4,8.4
2024-03-04 11:00:00+00:00,8.1,8.1
2024-03-04 09:30:00+00:00,7.2,7.3
2024-03-04 02:30:00+00:00,6.7,7.1
2024-03-04 01:00:00+00:00,6.8,7.2
2024-03-03 22:00:00+00:00,6.9,7.3
2024-03-03 21:00:00+00:00,6.8,7.3
2024-03-03 20:00:00+00:00,7.0,7.5
2024-03-03 18:00:00+00:00,7.5,8.0
2024-03-03 17:00:00+00:00,7.8,8.3
2024-03-03 16:00:00+00:00,8.0,8.7
2024-03-03 12:00:00+00:00,7.9,8.5
2024-03-03 10:00:00+00:00,7.4,7.5
2024-03-03 08:30:00+00:00,7.2,6.9
2024-03-02 21:30:00+00:00,8.0,7.3
2024-03-02 08:00:00+00:00,7.7,6.7
2024-03-02 07:30:00+00:00,7.7,6.6
2024-03-02 05:00:00+00:00,7.8,6.8
2024-03-02 01:30:00+00:00,8.0,7.0
2024-03-01 20:00:00+00:00,8.1,7.3
2024-03-01 18:30:00+00:00,8.5,7.7
2024-03-01 13:00:00+00:00,9.2,8.5
2024-03-01 05:30:00+00:00,7.8,6.7
2024-03-01 01:00:00+00:00,8.1,7.0
2024-02-29 19:00:00+00:00,8.6,7.5
2024-02-29 08:30:00+00:00,7.7,6.7
2024-02-29 02:00:00+00:00,7.5,6.9
2024-02-29 01:00:00+00:00,7.5,6.9
2024-02-29 00:00:00+00:00,7.6,7.0
2024-02-28 23:00:00+00:00,7.6,7.1
2024-02-28 22:00:00+00:00,7.6,7.1
2024-02-28 20:30:00+00:00,7.7,7.2
2024-02-28 18:30:00+00:00,8.3,7.6
2024-02-28 14:00:00+00:00,9.1,8.6
2024-02-28 13:30:00+00:00,8.9,8.6
2024-02-28 03:30:00+00:00,7.1,6.8
2024-02-27 23:00:00+00:00,7.3,7.0
2024-02-27 14:30:00+00:00,8.7,8.7
2024-02-27 11:30:00+00:00,8.2,8.0
2024-02-27 09:30:00+00:00,7.5,6.9
2024-02-26 22:30:00+00:00,7.7,7.0
2024-02-26 20:30:00+00:00,7.8,7.1
2024-02-26 01:00:00+00:00,7.5,6.8
2024-02-26 00:30:00+00:00,7.5,6.8
2024-02-25 17:00:00+00:00,8.6,7.9
2024-02-25 14:00:00+00:00,8.9,8.4
2024-02-25 11:30:00+00:00,8.5,7.8
2024-02-25 09:30:00+00:00,7.6,6.8
2024-02-25 05:30:00+00:00,6.6,6.4
2024-02-24 21:00:00+00:00,7.0,6.9
2024-02-24 08:30:00+00:00,7.2,6.4
2024-02-24 03:30:00+00:00,7.4,6.6
2024-02-23 19:30:00+00:00,7.8,7.0
2024-02-23 15:30:00+00:00,8.9,8.3
2024-02-23 09:30:00+00:00,8.6,6.7
2024-02-23 08:30:00+00:00,8.5,6.3
2024-02-23 05:30:00+00:00,8.9,6.3
2024-02-23 03:30:00+00:00,9.3,6.5
2024-02-23 02:30:00+00:00,9.4,6.6
2024-02-23 02:00:00+00:00,9.4,6.6
2024-02-22 22:30:00+00:00,9.6,6.7
2024-02-22 21:30:00+00:00,9.6,6.7
2024-02-22 12:00:00+00:00,11.2,7.9
2024-02-22 09:30:00+00:00,10.7,6.6
2024-02-22 06:00:00+00:00,10.1,6.2
2024-02-22 04:00:00+00:00,10.0,6.4
2024-02-22 02:30:00+00:00,10.0,6.5
2024-02-22 00:30:00+00:00,10.0,6.6
2024-02-21 22:30:00+00:00,10.0,6.7
2024-02-21 16:30:00+00:00,10.9,7.8
2024-02-21 13:30:00+00:00,11.0,8.0
2024-02-21 12:30:00+00:00,10.9,7.9
2024-02-21 11:00:00+00:00,10.3,7.3
2024-02-21 09:30:00+00:00,9.4,6.5
2024-02-21 04:30:00+00:00,9.1,6.3
2024-02-20 20:30:00+00:00,9.5,6.7
2024-02-20 15:30:00+00:00,10.8,8.1
2024-02-20 14:30:00+00:00,10.9,8.2
2024-02-20 07:00:00+00:00,9.7,6.0
2024-02-20 06:00:00+00:00,9.8,6.1
2024-02-19 21:00:00+00:00,10.4,6.6
2024-02-19 19:30:00+00:00,10.4,6.7
2024-02-19 18:30:00+00:00,10.5,6.9
2024-02-19 13:00:00+00:00,11.2,7.8
2024-02-19 11:30:00+00:00,11.0,7.4
2024-02-19 05:00:00+00:00,10.4,6.2
2024-02-19 03:30:00+00:00,10.5,6.3
2024-02-18 19:30:00+00:00,10.8,6.7
2024-02-18 18:00:00+00:00,10.9,7.0
2024-02-18 16:30:00+00:00,11.2,7.6
2024-02-18 13:00:00+00:00,11.2,7.8
2024-02-18 12:30:00+00:00,11.2,7.7
2024-02-18 10:30:00+00:00,10.4,6.8
2024-02-18 01:00:00+00:00,10.5,6.3
2024-02-18 00:30:00+00:00,10.6,6.4
2024-02-17 22:30:00+00:00,10.7,6.4
2024-02-17 19:00:00+00:00,10.7,6.7
2024-02-17 16:30:00+00:00,11.4,7.5
2024-02-17 03:30:00+00:00,11.2,6.2
2024-02-17 01:00:00+00:00,11.2,6.3
2024-02-17 00:00:00+00:00,11.3,6.3
2024-02-16 19:00:00+00:00,11.1,6.6
2024-02-16 11:00:00+00:00,11.5,6.9
2024-02-16 06:30:00+00:00,11.4,5.8
2024-02-16 05:30:00+00:00,11.6,5.9
2024-02-15 15:00:00+00:00,13.3,7.9
2024-02-15 14:30:00+00:00,13.2,7.8
2024-02-15 09:30:00+00:00,10.6,6.1
2024-02-15 08:30:00+00:00,10.2,5.9
2024-06-09 21:00:00+00:00,17.3,18.2
2024-06-09 20:30:00+00:00,17.4,18.3
2024-06-09 11:00:00+00:00,18.4,19.2
2024-06-09 08:00:00+00:00,17.4,17.8
2024-06-09 05:30:00+00:00,17.3,17.5
2024-06-07 23:00:00+00:00,17.8,17.9
2024-06-07 21:30:00+00:00,18.0,18.0
2024-06-07 21:00:00+00:00,18.0,18.0
2024-06-07 20:30:00+00:00,18.1,18.1
2024-06-07 20:00:00+00:00,18.3,18.3
2024-06-07 19:00:00+00:00,18.8,18.7
2024-06-07 14:30:00+00:00,19.8,19.9
2024-06-07 11:00:00+00:00,18.7,19.0
2024-06-07 06:30:00+00:00,16.8,17.3
2024-06-07 03:00:00+00:00,17.0,17.5
2024-06-07 00:30:00+00:00,17.3,17.7
2024-06-06 20:00:00+00:00,17.8,18.2
2024-06-06 15:00:00+00:00,19.4,19.8
2024-06-06 14:30:00+00:00,19.3,19.8
2024-06-06 12:30:00+00:00,19.0,19.4
2024-06-06 11:30:00+00:00,18.7,19.1
2024-06-06 09:30:00+00:00,17.8,18.3
2024-06-06 05:30:00+00:00,16.7,17.2
2024-06-06 04:00:00+00:00,16.8,17.3
2024-06-06 00:30:00+00:00,17.1,17.6
2024-06-05 18:30:00+00:00,18.4,18.7
2024-06-05 13:30:00+00:00,19.0,19.5
2024-06-05 09:30:00+00:00,17.6,18.2
2024-06-05 08:30:00+00:00,17.1,17.7
2024-06-05 01:30:00+00:00,16.8,17.4
2024-06-04 21:30:00+00:00,17.0,17.7
2024-06-04 18:00:00+00:00,18.3,18.9
2024-06-04 15:30:00+00:00,19.1,19.5
2024-06-04 14:30:00+00:00,19.0,19.5
2024-06-04 13:00:00+00:00,18.7,19.3
2024-06-04 03:30:00+00:00,15.6,17.2
2024-06-04 00:00:00+00:00,15.8,17.4
2024-06-03 21:30:00+00:00,16.0,17.6
2024-06-03 20:00:00+00:00,16.3,17.9
2024-06-03 15:30:00+00:00,18.1,19.4
2024-06-03 04:30:00+00:00,14.6,17.0
2024-06-03 04:00:00+00:00,14.6,17.0
2024-06-03 02:00:00+00:00,14.7,17.2
2024-06-03 01:30:00+00:00,14.7,17.2
2024-06-02 23:30:00+00:00,14.9,17.4
2024-06-02 19:30:00+00:00,15.5,17.9
2024-06-02 19:00:00+00:00,15.7,18.2
2024-06-02 12:30:00+00:00,16.1,19.0
2024-06-02 12:00:00+00:00,16.0,19.0
2024-06-02 10:30:00+00:00,15.6,18.3
2024-06-02 08:30:00+00:00,15.0,17.4
2024-06-02 08:00:00+00:00,14.8,17.1
2024-06-02 05:00:00+00:00,14.6,16.8
2024-06-02 04:30:00+00:00,14.6,16.9
2024-06-02 01:30:00+00:00,14.7,17.1
2024-06-02 01:00:00+00:00,14.8,17.1
2024-06-02 00:30:00+00:00,14.8,17.2
2024-06-01 21:00:00+00:00,14.9,17.4
2024-06-01 20:00:00+00:00,15.1,17.7
2024-06-01 16:00:00+00:00,16.0,19.1
2024-06-01 15:00:00+00:00,16.3,19.3
2024-06-01 13:30:00+00:00,16.1,19.1
2024-06-01 08:00:00+00:00,15.0,17.0
2024-06-01 01:30:00+00:00,14.9,17.0
2024-05-31 23:00:00+00:00,15.0,17.2
2024-05-31 21:30:00+00:00,15.1,17.3
2024-05-31 21:00:00+00:00,15.1,17.3
2024-05-31 20:30:00+00:00,15.2,17.4
2024-05-31 18:00:00+00:00,15.7,18.5
2024-05-31 15:00:00+00:00,16.4,19.2
2024-05-31 11:30:00+00:00,16.2,18.5
2024-05-30 18:30:00+00:00,15.8,18.1
2024-05-30 18:00:00+00:00,16.0,18.4
2024-05-30 07:30:00+00:00,15.7,16.7
2024-05-30 05:30:00+00:00,15.7,16.5
2024-05-30 04:00:00+00:00,15.8,16.6
2024-05-30 02:30:00+00:00,15.9,16.7
2024-05-29 21:30:00+00:00,16.1,17.1
2024-05-29 18:30:00+00:00,16.5,18.0
2024-05-29 17:00:00+00:00,16.8,18.5
2024-05-29 16:30:00+00:00,16.9,18.7
2024-05-29 15:30:00+00:00,17.0,18.9
2024-05-29 15:00:00+00:00,17.1,19.0
2024-05-29 13:30:00+00:00,16.9,18.8
2024-05-29 11:00:00+00:00,16.6,18.1
2024-05-29 09:30:00+00:00,16.1,17.4
2024-05-29 07:30:00+00:00,15.6,16.5
2024-05-29 04:30:00+00:00,15.6,16.5
2024-05-28 19:00:00+00:00,16.5,17.6
2024-05-28 18:00:00+00:00,16.9,18.2
2024-05-28 16:00:00+00:00,17.2,18.7
2024-05-28 15:30:00+00:00,17.3,18.8
2024-05-28 15:00:00+00:00,17.3,18.9
2024-05-28 14:30:00+00:00,17.2,18.8
2024-05-28 13:30:00+00:00,17.0,18.7
2024-05-28 05:00:00+00:00,15.0,16.3
2024-05-27 20:00:00+00:00,15.5,17.1
2024-05-27 02:30:00+00:00,16.1,16.4
2024-05-26 12:00:00+00:00,17.8,18.2
2024-05-26 09:00:00+00:00,16.5,16.9
2024-05-26 05:00:00+00:00,15.7,16.1
2024-05-25 23:00:00+00:00,15.9,16.6
2024-05-25 22:00:00+00:00,16.0,16.6
2024-05-25 21:30:00+00:00,16.0,16.7
2024-05-25 15:30:00+00:00,18.3,18.5
2024-05-25 15:00:00+00:00,18.4,18.6
2024-05-25 12:30:00+00:00,17.7,18.2
2024-05-25 07:00:00+00:00,14.4,16.0
2024-05-24 16:00:00+00:00,16.4,18.2
2024-05-24 07:30:00+00:00,14.7,16.0
2024-05-24 07:00:00+00:00,14.5,15.9
2024-05-24 00:00:00+00:00,14.8,16.3
2024-05-23 23:30:00+00:00,14.9,16.3
2024-05-23 22:00:00+00:00,14.9,16.4
2024-05-23 14:00:00+00:00,16.5,18.2
2024-05-23 12:00:00+00:00,16.4,17.9
2024-05-23 08:00:00+00:00,15.2,16.1
2024-05-22 22:00:00+00:00,15.3,16.3
2024-05-22 14:00:00+00:00,17.0,18.1
2024-05-22 11:30:00+00:00,16.5,17.6
2024-05-22 06:00:00+00:00,14.9,15.6
2024-05-22 05:30:00+00:00,14.9,15.6
2024-05-22 03:00:00+00:00,15.1,15.8
2024-05-22 02:00:00+00:00,15.1,15.9
2024-05-22 00:30:00+00:00,15.2,16.0
2024-05-21 15:00:00+00:00,16.7,18.1
2024-05-21 06:00:00+00:00,14.9,15.5
2024-05-21 03:30:00+00:00,15.1,15.7
2024-05-21 02:00:00+00:00,15.2,15.8
2024-05-21 00:00:00+00:00,15.3,15.9
2024-05-20 18:30:00+00:00,15.5,17.0
2024-05-20 15:00:00+00:00,17.2,18.0
2024-05-20 10:30:00+00:00,16.6,16.9
2024-05-20 10:00:00+00:00,16.3,16.7
2024-05-20 04:00:00+00:00,14.9,15.6
2024-05-20 01:30:00+00:00,15.0,15.7
2024-05-20 00:00:00+00:00,15.1,15.8
2024-05-19 17:00:00+00:00,17.0,17.4
2024-05-19 11:30:00+00:00,16.7,17.2
2024-05-19 07:30:00+00:00,14.7,15.5
2024-05-19 02:00:00+00:00,14.4,15.6
2024-05-19 01:00:00+00:00,14.5,15.6
2024-05-18 22:30:00+00:00,14.6,15.9
2024-05-18 15:30:00+00:00,16.6,17.7
2024-05-18 14:30:00+00:00,16.8,17.7
2024-05-18 14:00:00+00:00,16.8,17.6
2024-05-18 10:30:00+00:00,16.0,16.7
2024-05-18 06:00:00+00:00,14.0,15.1
2024-05-17 20:00:00+00:00,14.9,16.0
2024-05-17 15:30:00+00:00,16.7,17.6
2024-05-17 14:00:00+00:00,16.7,17.5
2024-05-17 09:00:00+00:00,15.0,15.9
2024-05-17 05:30:00+00:00,13.6,15.1
2024-05-17 04:00:00+00:00,13.7,15.2
2024-05-17 03:30:00+00:00,13.7,15.3
2024-05-17 02:30:00+00:00,13.8,15.3
2024-05-16 19:00:00+00:00,15.0,16.3
2024-05-16 09:30:00+00:00,15.0,16.0
2024-05-16 06:00:00+00:00,14.3,14.9
2024-05-16 05:00:00+00:00,14.3,15.0
2024-05-16 04:30:00+00:00,14.4,15.1
2024-05-15 18:30:00+00:00,15.7,16.4
2024-05-15 17:00:00+00:00,16.1,16.9
2024-05-15 15:00:00+00:00,16.5,17.4
2024-05-15 13:30:00+00:00,16.4,17.2
2024-05-15 04:30:00+00:00,15.3,15.0
2024-05-14 22:30:00+00:00,15.8,15.4
2024-05-14 20:30:00+00:00,15.7,15.5
2024-05-14 15:30:00+00:00,16.0,17.2
2024-05-13 23:30:00+00:00,17.5,15.2
2024-05-13 14:30:00+00:00,18.6,17.1
2024-05-13 12:30:00+00:00,18.2,16.8
2024-05-13 09:00:00+00:00,17.3,15.4
2024-05-13 08:30:00+00:00,17.1,15.1
2024-05-13 06:00:00+00:00,17.1,14.5
2024-05-12 23:00:00+00:00,17.7,15.1
2024-05-12 20:00:00+00:00,17.5,15.4
2024-05-12 19:30:00+00:00,17.4,15.6
2024-05-12 18:00:00+00:00,17.5,16.3
2024-05-12 12:30:00+00:00,18.8,16.7
2024-05-12 11:00:00+00:00,18.8,16.2
2024-05-12 08:00:00+00:00,17.7,14.8
2024-05-12 07:30:00+00:00,17.5,14.6
2024-05-12 05:30:00+00:00,17.6,14.5
2024-05-12 02:30:00+00:00,17.8,14.7
2024-05-11 19:30:00+00:00,18.7,15.5
2024-05-11 17:00:00+00:00,20.0,16.4
2024-05-11 15:00:00+00:00,20.6,17.0
2024-05-11 14:00:00+00:00,20.3,16.8
2024-05-11 07:00:00+00:00,16.2,14.4
2024-05-11 05:30:00+00:00,16.1,14.4
2024-05-11 04:30:00+00:00,16.1,14.5
2024-05-11 04:00:00+00:00,16.2,14.5
2024-05-11 01:00:00+00:00,16.3,14.7
2024-05-10 23:30:00+00:00,16.5,14.8
2024-05-10 05:00:00+00:00,14.3,14.3
2024-05-10 04:30:00+00:00,14.4,14.4
2024-05-10 02:30:00+00:00,14.4,14.5
2024-05-10 02:00:00+00:00,14.4,14.5
2024-05-10 01:30:00+00:00,14.5,14.6
2024-05-10 00:00:00+00:00,14.6,14.7
2024-05-09 14:00:00+00:00,16.9,16.6
2024-05-09 12:00:00+00:00,16.1,16.3
2024-05-09 01:30:00+00:00,13.4,14.5
2024-05-09 01:00:00+00:00,13.4,14.5
2024-05-09 00:00:00+00:00,13.5,14.6
2024-05-08 15:30:00+00:00,15.3,16.5
2024-05-08 05:30:00+00:00,12.9,14.0
2024-05-08 02:30:00+00:00,13.2,14.3
2024-05-08 00:30:00+00:00,13.3,14.4
2024-05-07 21:00:00+00:00,13.4,14.6
2024-05-07 16:30:00+00:00,14.5,16.1
2024-05-07 16:00:00+00:00,14.6,16.2
2024-05-07 09:30:00+00:00,13.5,14.9
2024-05-07 08:30:00+00:00,13.1,14.4
2024-05-07 08:00:00+00:00,12.9,14.2
2024-05-07 07:30:00+00:00,12.8,14.0
2024-05-07 05:00:00+00:00,12.7,13.9
2024-05-07 01:00:00+00:00,12.9,14.2
2024-05-06 21:00:00+00:00,13.0,14.5
2024-05-06 17:30:00+00:00,13.6,15.7
2024-05-06 15:30:00+00:00,14.0,16.2
2024-05-06 07:30:00+00:00,12.9,13.9
2024-05-06 05:00:00+00:00,13.2,13.8
2024-05-06 03:30:00+00:00,13.3,14.0
2024-05-06 02:00:00+00:00,13.4,14.1
2024-05-05 20:30:00+00:00,13.5,14.4
2024-05-05 11:30:00+00:00,14.6,15.6
2024-05-05 09:30:00+00:00,13.7,14.7
2024-05-05 08:00:00+00:00,12.9,13.9
2024-05-05 07:30:00+00:00,12.7,13.7
2024-05-05 03:30:00+00:00,12.3,13.8
2024-05-05 01:00:00+00:00,12.4,14.0
2024-05-04 19:00:00+00:00,13.1,14.8
2024-05-04 12:30:00+00:00,13.4,15.7
2024-05-04 10:30:00+00:00,12.7,15.0
2024-05-04 09:00:00+00:00,12.2,14.3
2024-05-03 23:30:00+00:00,11.7,14.0
2024-05-03 22:30:00+00:00,11.8,14.1
2024-05-03 16:00:00+00:00,13.4,15.7
2024-05-03 04:30:00+00:00,11.5,13.5
2024-05-03 01:30:00+00:00,11.7,13.7
2024-05-03 00:30:00+00:00,11.8,13.8
2024-05-02 23:00:00+00:00,11.9,13.9
2024-05-02 19:00:00+00:00,12.0,14.6
2024-05-02 17:00:00+00:00,12.2,15.3
2024-05-02 13:00:00+00:00,12.4,15.6
2024-05-02 12:00:00+00:00,12.4,15.4
2024-05-02 11:30:00+00:00,12.3,15.2
2024-05-02 11:00:00+00:00,12.2,15.0
2024-05-02 09:00:00+00:00,12.1,14.0
2024-05-02 08:30:00+00:00,12.2,13.8
2024-05-02 00:30:00+00:00,13.0,13.7
2024-05-01 14:00:00+00:00,13.8,15.6
2024-05-01 13:30:00+00:00,13.8,15.5
2024-05-01 09:00:00+00:00,13.1,13.9
2024-05-01 06:00:00+00:00,13.0,13.0
2024-05-01 03:30:00+00:00,13.2,13.3
2024-05-01 03:00:00+00:00,13.2,13.4
2024-05-01 01:00:00+00:00,13.3,13.5
2024-04-30 21:00:00+00:00,13.4,13.7
2024-04-30 16:30:00+00:00,14.3,15.2
2024-04-30 16:00:00+00:00,14.4,15.3
2024-04-30 09:30:00+00:00,12.8,14.0
2024-04-30 06:00:00+00:00,12.0,12.9
2024-04-30 05:30:00+00:00,12.1,13.0
2024-04-30 02:30:00+00:00,12.2,13.3
2024-04-29 00:30:00+00:00,11.3,13.3
2024-04-28 23:30:00+00:00,11.3,13.4
2024-04-28 13:00:00+00:00,12.2,15.0
2024-04-28 09:00:00+00:00,11.0,13.5
2024-04-27 20:30:00+00:00,11.3,13.4
2024-04-27 19:00:00+00:00,11.5,13.9
2024-04-27 15:30:00+00:00,12.4,15.1
2024-04-27 09:00:00+00:00,10.8,13.4
2024-04-27 08:30:00+00:00,10.5,13.1
2024-04-27 06:00:00+00:00,9.7,12.5
2024-04-27 01:30:00+00:00,9.8,13.0
2024-04-26 23:30:00+00:00,9.9,13.1
2024-04-26 21:30:00+00:00,9.9,13.2
2024-04-26 20:00:00+00:00,10.0,13.4
2024-04-26 19:30:00+00:00,10.2,13.6
2024-04-26 18:00:00+00:00,10.8,14.2
2024-04-26 16:30:00+00:00,11.4,14.7
2024-04-26 11:30:00+00:00,10.9,14.4
2024-04-26 00:00:00+00:00,8.8,12.9
2024-04-25 23:30:00+00:00,8.9,13.0
2024-04-25 23:00:00+00:00,8.9,13.0
2024-04-25 20:00:00+00:00,9.2,13.3
2024-04-25 19:00:00+00:00,9.6,13.6
2024-04-25 16:00:00+00:00,10.9,14.7
2024-04-25 09:00:00+00:00,8.9,13.1
2024-04-25 06:30:00+00:00,7.5,12.3
2024-04-25 06:00:00+00:00,7.4,12.2
2024-04-25 03:00:00+00:00,7.7,12.6
2024-04-24 21:30:00+00:00,8.0,12.9
2024-04-24 20:30:00+00:00,8.1,13.0
2024-04-24 20:00:00+00:00,8.2,13.2
2024-04-24 16:30:00+00:00,9.5,14.4
2024-04-24 14:00:00+00:00,9.7,14.7
2024-04-24 13:00:00+00:00,9.6,14.5
2024-04-24 10:00:00+00:00,8.8,13.4
2024-04-23 15:30:00+00:00,10.2,14.5
2024-04-23 14:30:00+00:00,10.2,14.6
2024-04-23 07:00:00+00:00,7.2,12.0
2024-04-23 03:00:00+00:00,7.3,12.3
2024-04-22 23:00:00+00:00,7.7,12.6
2024-04-22 22:00:00+00:00,7.8,12.7
2024-04-22 11:00:00+00:00,9.5,13.6
2024-04-22 08:30:00+00:00,8.4,12.4
2024-04-22 03:30:00+00:00,7.9,12.2
2024-04-22 03:00:00+00:00,7.9,12.2
2024-04-22 02:00:00+00:00,8.0,12.3
2024-04-22 00:30:00+00:00,8.1,12.4
2024-04-21 23:00:00+00:00,8.3,12.5
2024-04-21 17:00:00+00:00,10.3,13.9
2024-04-21 15:30:00+00:00,10.9,14.3
2024-04-21 13:30:00+00:00,10.6,14.2
2024-04-21 06:30:00+00:00,8.2,11.7
2024-04-21 05:00:00+00:00,8.3,11.9
2024-04-20 23:00:00+00:00,9.0,12.3
2024-04-20 19:30:00+00:00,9.6,12.8
2024-04-20 13:30:00+00:00,11.4,14.1
2024-04-20 11:30:00+00:00,11.0,13.6
2024-04-20 04:30:00+00:00,9.2,11.8
2024-04-20 02:30:00+00:00,9.4,12.0
2024-04-19 19:00:00+00:00,11.0,12.8
2024-04-19 16:30:00+00:00,12.3,13.7
2024-04-19 11:00:00+00:00,11.5,13.2
2024-04-19 10:30:00+00:00,11.3,13.0
2024-04-19 03:30:00+00:00,8.8,11.8
2024-04-19 02:30:00+00:00,8.9,11.9
2024-04-19 01:00:00+00:00,9.0,12.0
2024-04-18 18:00:00+00:00,11.2,13.1
2024-04-18 13:00:00+00:00,11.6,13.7
2024-04-18 09:00:00+00:00,10.2,12.2
2024-04-18 08:00:00+00:00,9.8,11.6
2024-04-18 06:00:00+00:00,9.4,11.3
2024-04-17 15:00:00+00:00,12.1,13.9
2024-04-17 14:00:00+00:00,12.2,13.7
2024-04-16 18:30:00+00:00,12.3,12.6
2024-04-16 11:30:00+00:00,13.0,13.1
2024-04-16 07:30:00+00:00,12.8,11.2
2024-04-16 04:30:00+00:00,13.3,11.3
2024-04-16 01:00:00+00:00,13.7,11.6
2024-04-15 20:00:00+00:00,13.8,12.0
2024-04-15 14:00:00+00:00,14.9,13.5
2024-04-15 09:30:00+00:00,14.7,12.0
2024-04-15 09:00:00+00:00,14.7,11.7
2024-04-15 08:00:00+00:00,14.6,11.2
2024-04-15 05:30:00+00:00,15.2,11.0
2024-04-15 04:00:00+00:00,15.6,11.2
2024-04-15 02:00:00+00:00,15.8,11.4
2024-04-14 17:30:00+00:00,17.3,12.8
2024-04-14 13:00:00+00:00,18.0,13.2
2024-04-14 12:30:00+00:00,17.8,13.1
2024-04-14 11:00:00+00:00,17.1,12.6
2024-04-14 08:00:00+00:00,15.3,11.1
2024-04-14 01:00:00+00:00,16.0,11.3
2024-04-13 19:00:00+00:00,17.3,12.0
2024-04-13 15:00:00+00:00,19.7,13.4
2024-04-13 14:30:00+00:00,19.5,13.3
2024-04-13 13:00:00+00:00,18.9,13.1
2024-04-13 10:30:00+00:00,17.3,12.2
2024-04-13 06:30:00+00:00,13.8,10.7
2024-04-13 06:00:00+00:00,13.7,10.6
2024-04-13 04:30:00+00:00,14.0,10.9
2024-04-13 03:30:00+00:00,14.1,11.0
2024-04-13 01:00:00+00:00,14.3,11.2
2024-04-13 00:30:00+00:00,14.4,11.2
2024-04-12 22:30:00+00:00,14.6,11.4
2024-04-12 07:30:00+00:00,12.7,10.7
2024-04-12 03:30:00+00:00,12.3,10.9
2024-04-12 03:00:00+00:00,12.3,10.9
2024-04-11 17:30:00+00:00,14.8,12.4
2024-04-11 17:00:00+00:00,15.0,12.5
2024-04-11 13:30:00+00:00,15.1,12.9
2024-04-11 05:30:00+00:00,11.3,10.5
2024-04-10 23:30:00+00:00,11.7,11.0
2024-04-10 19:00:00+00:00,12.7,11.6
2024-04-10 17:00:00+00:00,13.4,12.4
2024-04-10 13:30:00+00:00,13.7,12.7
2024-04-10 13:00:00+00:00,13.6,12.7
2024-04-10 07:00:00+00:00,11.6,10.3
2024-04-10 05:00:00+00:00,11.6,10.5
2024-04-10 02:00:00+00:00,12.0,10.7
2024-04-09 16:00:00+00:00,12.8,12.6
2024-04-09 10:00:00+00:00,13.0,11.4
2024-04-09 00:00:00+00:00,15.3,10.7
2024-04-08 17:30:00+00:00,16.2,12.0
2024-04-08 14:00:00+00:00,17.2,12.6
2024-04-08 11:30:00+00:00,16.7,12.0
2024-04-08 08:00:00+00:00,14.8,10.3
2024-04-08 07:30:00+00:00,14.8,10.2
2024-04-08 00:00:00+00:00,15.4,10.6
2024-04-07 11:00:00+00:00,16.1,11.6
2024-04-07 08:30:00+00:00,15.3,10.4
2024-04-07 06:30:00+00:00,15.4,9.9
2024-04-07 05:00:00+00:00,15.7,10.1
2024-04-07 03:00:00+00:00,15.9,10.3
2024-04-07 02:00:00+00:00,16.0,10.4
2024-04-06 23:00:00+00:00,16.2,10.6
2024-04-06 21:30:00+00:00,16.1,10.6
2024-04-06 19:00:00+00:00,16.2,11.1
2024-04-06 16:00:00+00:00,17.1,12.2
2024-04-06 10:00:00+00:00,16.0,11.0
2024-04-06 09:00:00+00:00,15.3,10.5
2024-04-06 04:00:00+00:00,14.6,10.1
2024-04-06 02:30:00+00:00,14.6,10.2
2024-04-06 01:00:00+00:00,14.6,10.3
2024-04-05 20:00:00+00:00,14.7,10.7
2024-04-05 19:30:00+00:00,14.8,10.8
2024-04-05 16:30:00+00:00,15.7,11.9
2024-04-05 14:30:00+00:00,16.0,12.3
2024-04-05 14:00:00+00:00,15.9,12.2
2024-04-05 12:30:00+00:00,15.7,12.0
2024-04-05 11:30:00+00:00,15.4,11.6
2024-04-05 07:30:00+00:00,13.3,9.8
2024-04-05 07:00:00+00:00,13.2,9.7
2024-04-05 04:30:00+00:00,13.3,9.9
2024-04-05 01:30:00+00:00,13.2,10.2
2024-04-05 00:30:00+00:00,13.2,10.2
2024-04-04 16:30:00+00:00,14.4,11.8
2024-04-04 02:00:00+00:00,12.0,10.0
2024-04-03 19:00:00+00:00,12.4,10.8
2024-04-03 15:00:00+00:00,13.5,12.1
2024-04-03 14:00:00+00:00,13.2,12.0
2024-04-03 13:00:00+00:00,13.0,11.8
2024-04-03 08:00:00+00:00,11.1,9.7
2024-04-03 05:30:00+00:00,10.8,9.5
2024-04-02 04:00:00+00:00,10.0,9.6
2024-04-02 03:30:00+00:00,10.1,9.7
2024-04-01 18:00:00+00:00,10.9,10.9
2024-04-01 16:30:00+00:00,11.3,11.4
2024-04-01 04:00:00+00:00,10.2,9.5
2024-03-31 23:30:00+00:00,10.4,9.8
2024-03-31 23:00:00+00:00,10.5,9.9
2024-03-31 22:30:00+00:00,10.5,9.9
2024-03-31 20:00:00+00:00,10.6,10.1
2024-03-31 15:00:00+00:00,11.8,11.8
2024-03-31 12:30:00+00:00,11.9,11.3
2024-03-31 12:00:00+00:00,11.9,11.3
2024-03-31 04:00:00+00:00,10.2,9.4
2024-03-31 01:00:00+00:00,10.3,9.6
2024-03-30 23:00:00+00:00,10.4,9.7
2024-03-30 12:30:00+00:00,11.2,11.2
2024-03-30 11:30:00+00:00,10.9,10.9
2024-03-30 07:30:00+00:00,10.0,9.1
2024-03-30 07:00:00+00:00,10.0,9.0
2024-03-30 04:30:00+00:00,10.3,9.3
2024-03-30 03:30:00+00:00,10.4,9.4
2024-03-30 00:30:00+00:00,10.5,9.5
2024-03-29 14:30:00+00:00,12.3,11.5
2024-03-29 10:30:00+00:00,11.6,10.3
2024-03-29 05:30:00+00:00,9.7,9.0
2024-03-29 03:30:00+00:00,9.7,9.2
2024-03-29 01:00:00+00:00,9.6,9.4
2024-03-28 17:30:00+00:00,10.8,10.6
2024-03-28 15:00:00+00:00,11.6,11.4
2024-03-28 13:30:00+00:00,11.2,11.2
2024-03-28 13:00:00+00:00,11.1,11.1
2024-03-28 02:30:00+00:00,8.7,9.2
2024-03-27 22:30:00+00:00,8.8,9.5
2024-03-27 10:30:00+00:00,9.5,10.0
2024-03-27 06:30:00+00:00,8.4,8.7
2024-03-27 04:30:00+00:00,8.7,8.9
2024-03-27 04:00:00+00:00,8.7,9.0
2024-03-27 03:30:00+00:00,8.8,9.0
2024-03-27 02:30:00+00:00,8.9,9.1
2024-03-27 01:30:00+00:00,8.9,9.2
2024-03-26 22:00:00+00:00,9.1,9.3
2024-03-26 18:00:00+00:00,10.1,10.2
2024-03-26 16:30:00+00:00,10.5,10.7
2024-03-26 15:30:00+00:00,10.7,11.1
2024-03-26 15:00:00+00:00,10.8,11.2
2024-03-26 14:30:00+00:00,10.8,11.1
2024-03-26 14:00:00+00:00,10.7,11.0
2024-03-26 13:30:00+00:00,10.7,10.9
2024-03-26 12:30:00+00:00,10.6,10.8
2024-03-26 05:00:00+00:00,9.4,8.7
2024-03-25 20:00:00+00:00,10.3,9.4
2024-03-25 12:30:00+00:00,11.6,10.7
2024-03-25 08:00:00+00:00,9.1,8.7
2024-03-25 00:00:00+00:00,9.4,9.0
2024-03-24 23:30:00+00:00,9.4,9.1
2024-03-24 20:30:00+00:00,9.9,9.2
2024-03-24 19:30:00+00:00,10.2,9.5
2024-03-24 13:30:00+00:00,11.6,10.7
2024-03-24 09:30:00+00:00,10.6,9.2
2024-03-24 09:00:00+00:00,10.5,9.0
2024-03-24 01:00:00+00:00,10.8,8.9
2024-03-23 19:30:00+00:00,11.0,9.4
2024-03-23 19:00:00+00:00,11.0,9.5
2024-03-23 17:00:00+00:00,11.3,10.2
2024-03-23 06:00:00+00:00,12.1,8.2
2024-03-23 05:00:00+00:00,12.5,8.4
2024-03-22 22:30:00+00:00,13.2,8.9
2024-03-22 21:30:00+00:00,13.2,9.0
2024-03-22 20:00:00+00:00,13.3,9.1
2024-03-22 16:30:00+00:00,14.9,10.3
2024-03-22 15:00:00+00:00,15.6,10.8
2024-03-22 10:30:00+00:00,14.1,9.5
2024-03-22 10:00:00+00:00,13.8,9.2
2024-03-22 08:30:00+00:00,13.0,8.5
2024-03-22 01:00:00+00:00,13.4,8.7
2024-03-21 19:30:00+00:00,13.9,9.1
2024-03-21 16:30:00+00:00,15.1,10.2
2024-03-21 10:00:00+00:00,13.6,9.1
2024-03-21 08:30:00+00:00,12.8,8.4
2024-03-20 20:30:00+00:00,13.3,8.8
2024-03-20 18:00:00+00:00,14.3,9.5
2024-03-20 17:30:00+00:00,14.5,9.7
2024-03-20 13:30:00+00:00,15.1,10.3
2024-03-20 10:00:00+00:00,13.3,9.0
2024-03-20 04:00:00+00:00,12.0,8.3
2024-03-19 11:30:00+00:00,13.7,9.7
2024-03-19 06:30:00+00:00,11.8,7.9
2024-03-19 04:00:00+00:00,12.3,8.2
2024-03-19 01:30:00+00:00,12.5,8.4
2024-03-18 22:30:00+00:00,12.7,8.5
2024-03-18 21:30:00+00:00,12.7,8.6
2024-03-18 11:30:00+00:00,13.4,9.6
2024-03-18 10:30:00+00:00,13.0,9.1
2024-03-18 06:00:00+00:00,12.4,7.8
2024-03-18 05:30:00+00:00,12.5,7.9
2024-03-18 03:30:00+00:00,12.6,8.2
2024-03-18 00:30:00+00:00,12.6,8.3
2024-03-17 18:30:00+00:00,12.9,9.1
2024-03-17 17:30:00+00:00,13.0,9.4
2024-03-17 13:00:00+00:00,13.2,9.9
2024-03-17 10:00:00+00:00,12.2,8.7
2024-03-17 08:30:00+00:00,11.7,8.0
2024-03-17 06:00:00+00:00,11.8,7.7
2024-03-17 04:30:00+00:00,12.0,8.0
2024-03-16 14:00:00+00:00,13.1,10.0
2024-03-16 10:00:00+00:00,12.0,8.6
2024-03-16 08:00:00+00:00,11.6,7.8
2024-03-16 07:30:00+00:00,11.6,7.7
2024-03-16 05:30:00+00:00,11.9,7.7
2024-03-16 03:00:00+00:00,12.1,8.0
2024-03-16 02:30:00+00:00,12.1,8.1
2024-03-15 20:30:00+00:00,12.1,8.4
2024-03-15 07:00:00+00:00,11.3,7.5
2024-03-15 00:00:00+00:00,11.5,8.1
2024-03-14 22:00:00+00:00,11.6,8.2
2024-03-14 15:00:00+00:00,13.6,10.0
2024-03-14 14:30:00+00:00,13.4,9.9
2024-03-14 14:00:00+00:00,13.3,9.8
2024-03-14 10:00:00+00:00,11.1,8.4
2024-03-14 09:00:00+00:00,10.3,8.0
2024-03-13 23:30:00+00:00,10.1,8.0
2024-03-13 23:00:00+00:00,10.1,8.1
2024-03-13 22:30:00+00:00,10.1,8.1
2024-03-13 05:30:00+00:00,9.3,7.5
2024-03-13 03:30:00+00:00,9.4,7.7
2024-03-13 02:30:00+00:00,9.4,7.8
2024-03-12 23:00:00+00:00,9.4,8.0
2024-03-12 21:30:00+00:00,9.5,8.0
2024-03-12 17:30:00+00:00,10.1,8.9
2024-03-12 11:30:00+00:00,9.7,9.0
2024-03-12 06:30:00+00:00,8.2,7.3
2024-03-12 04:00:00+00:00,8.3,7.6
2024-03-11 21:30:00+00:00,8.4,8.0
2024-03-11 20:00:00+00:00,8.4,8.1
2024-03-11 17:00:00+00:00,9.0,9.0
2024-03-11 15:30:00+00:00,9.5,9.6
2024-03-11 11:00:00+00:00,9.0,8.7
2024-03-11 07:00:00+00:00,7.7,7.2
2024-03-11 00:00:00+00:00,8.1,7.8
2024-03-10 22:00:00+00:00,8.2,7.9
2024-03-10 21:30:00+00:00,8.2,7.9
2024-03-10 15:30:00+00:00,9.5,9.5
2024-03-10 14:00:00+00:00,9.5,9.5
2024-03-10 07:00:00+00:00,7.8,7.2
2024-03-10 00:00:00+00:00,8.4,7.7
2024-03-09 22:00:00+00:00,8.4,7.8
2024-03-09 13:00:00+00:00,9.8,9.2
2024-03-09 11:30:00+00:00,9.6,8.8
2024-03-09 10:00:00+00:00,8.9,8.0
2024-03-09 07:30:00+00:00,8.0,7.1
2024-03-09 01:00:00+00:00,8.1,7.6
2024-03-09 00:00:00+00:00,8.1,7.6
2024-03-08 19:30:00+00:00,8.4,8.0
2024-03-08 14:00:00+00:00,9.5,9.3
2024-03-08 10:30:00+00:00,8.4,8.1
2024-03-08 09:30:00+00:00,7.8,7.6
2024-03-08 03:30:00+00:00,7.5,7.4
2024-03-08 03:00:00+00:00,7.5,7.4
2024-03-08 02:00:00+00:00,7.6,7.4
2024-03-08 01:00:00+00:00,7.6,7.5
2024-03-07 21:30:00+00:00,7.9,7.6
2024-03-07 10:30:00+00:00,8.2,8.1
2024-03-07 07:30:00+00:00,6.4,7.0
2024-03-07 06:30:00+00:00,6.2,6.9
2024-03-07 02:30:00+00:00,6.7,7.3
2024-03-07 00:30:00+00:00,6.9,7.4
2024-03-06 23:00:00+00:00,7.0,7.5
2024-03-06 15:30:00+00:00,9.1,9.1
2024-03-06 12:00:00+00:00,8.8,8.8
2024-03-06 08:30:00+00:00,6.9,7.1
2024-03-06 07:30:00+00:00,6.6,6.9
2024-03-06 04:00:00+00:00,6.8,7.2
2024-03-06 00:00:00+00:00,7.0,7.4
2024-03-05 22:00:00+00:00,7.0,7.5
2024-03-05 21:30:00+00:00,7.0,7.5
2024-03-05 14:30:00+00:00,8.8,9.1
2024-03-05 04:30:00+00:00,7.0,7.1
2024-03-05 00:00:00+00:00,7.1,7.3
2024-03-04 21:00:00+00:00,7.3,7.4
2024-03-04 20:30:00+00:00,7.4,7.5
2024-03-04 17:30:00+00:00,8.1,8.2
2024-03-04 14:00:00+00:00,9.0,9.0
2024-03-04 13:30:00+00:00,8.9,8.9
2024-03-04 13:00:00+00:00,8.9,8.8
2024-03-04 12:30:00+00:00,8.8,8.7
